series,date,state,sector,value(value of GDP in RM millions),,,,,
abs,1/1/2015,Johor,p0,110002.221,,,,,
abs,1/1/2015,Johor,p1,15610.314,,,,,
abs,1/1/2015,Johor,p2,475.64,,,,,
abs,1/1/2015,Johor,p3,32358.659,,,,,
abs,1/1/2015,Johor,p4,7269.16,,,,,
abs,1/1/2015,Johor,p5,53058.447,,,p0= GDP at purchasers' prices,,
abs,1/1/2015,Johor,p6,1230.001,,,p1=Agriculture,,
abs,1/1/2015,Kedah,p0,39549.581,,,"p2=	Mining and quarrying",,
abs,1/1/2015,Kedah,p1,5423.368,,,p3=Manufacturing,,
abs,1/1/2015,Kedah,p2,83.056,,,p4=Construction,,
abs,1/1/2015,Kedah,p3,11427.051,,,"p5=	Services",,
abs,1/1/2015,Kedah,p4,862.638,,,"p6=	(plus) Import duties",,
abs,1/1/2015,Kedah,p5,21465.109,,,,,
abs,1/1/2015,Kedah,p6,288.359,,,,,
abs,1/1/2015,Kelantan,p0,21407.736,,,,,
abs,1/1/2015,Kelantan,p1,5101.864,,,,,
abs,1/1/2015,Kelantan,p2,229.021,,,,,
abs,1/1/2015,Kelantan,p3,1147.468,,,,,
abs,1/1/2015,Kelantan,p4,444.65,,,,,
abs,1/1/2015,Kelantan,p5,14454.747,,,,,
abs,1/1/2015,Kelantan,p6,29.985,,,,,
abs,1/1/2015,Melaka,p0,36077.257,,,,,
abs,1/1/2015,Melaka,p1,4141.42,,,,,
abs,1/1/2015,Melaka,p2,43.988,,,,,
abs,1/1/2015,Melaka,p3,14068.303,,,,,
abs,1/1/2015,Melaka,p4,947.012,,,,,
abs,1/1/2015,Melaka,p5,16810.973,,,,,
abs,1/1/2015,Melaka,p6,65.56,,,,,
abs,1/1/2015,Negeri Sembilan,p0,40185.677,,,,,
abs,1/1/2015,Negeri Sembilan,p1,3235.335,,,,,
abs,1/1/2015,Negeri Sembilan,p2,165.377,,,,,
abs,1/1/2015,Negeri Sembilan,p3,15678.075,,,,,
abs,1/1/2015,Negeri Sembilan,p4,1339.339,,,,,
abs,1/1/2015,Negeri Sembilan,p5,18950.586,,,,,
abs,1/1/2015,Negeri Sembilan,p6,816.964,,,,,
abs,1/1/2015,Pahang,p0,49449.712,,,,,
abs,1/1/2015,Pahang,p1,11665.23,,,,,
abs,1/1/2015,Pahang,p2,1311.294,,,,,
abs,1/1/2015,Pahang,p3,10416.952,,,,,
abs,1/1/2015,Pahang,p4,2105.062,,,,,
abs,1/1/2015,Pahang,p5,23884.728,,,,,
abs,1/1/2015,Pahang,p6,66.445,,,,,
abs,1/1/2015,Perak,p0,63175.555,,,,,
abs,1/1/2015,Perak,p1,10351.594,,,,,
abs,1/1/2015,Perak,p2,354.095,,,,,
abs,1/1/2015,Perak,p3,11190.469,,,,,
abs,1/1/2015,Perak,p4,2578.368,,,,,
abs,1/1/2015,Perak,p5,38627.926,,,,,
abs,1/1/2015,Perak,p6,73.103,,,,,
abs,1/1/2015,Perlis,p0,5352.875,,,,,
abs,1/1/2015,Perlis,p1,1161.077,,,,,
abs,1/1/2015,Perlis,p2,31.698,,,,,
abs,1/1/2015,Perlis,p3,458.197,,,,,
abs,1/1/2015,Perlis,p4,193.228,,,,,
abs,1/1/2015,Perlis,p5,3414.264,,,,,
abs,1/1/2015,Perlis,p6,94.412,,,,,
abs,1/1/2015,Pulau Pinang,p0,78146.215,,,,,
abs,1/1/2015,Pulau Pinang,p1,2083.789,,,,,
abs,1/1/2015,Pulau Pinang,p2,124.145,,,,,
abs,1/1/2015,Pulau Pinang,p3,33596.784,,,,,
abs,1/1/2015,Pulau Pinang,p4,2711.965,,,,,
abs,1/1/2015,Pulau Pinang,p5,38917.261,,,,,
abs,1/1/2015,Pulau Pinang,p6,712.27,,,,,
abs,1/1/2015,Sabah,p0,73776.128,,,,,
abs,1/1/2015,Sabah,p1,14816.807,,,,,
abs,1/1/2015,Sabah,p2,18207.153,,,,,
abs,1/1/2015,Sabah,p3,6265.78,,,,,
abs,1/1/2015,Sabah,p4,2446.413,,,,,
abs,1/1/2015,Sabah,p5,31754.571,,,,,
abs,1/1/2015,Sabah,p6,285.404,,,,,
abs,1/1/2015,Sarawak,p0,121585.277,,,,,
abs,1/1/2015,Sarawak,p1,16987.941,,,,,
abs,1/1/2015,Sarawak,p2,29852.444,,,,,
abs,1/1/2015,Sarawak,p3,32128.287,,,,,
abs,1/1/2015,Sarawak,p4,3842.61,,,,,
abs,1/1/2015,Sarawak,p5,38369.702,,,,,
abs,1/1/2015,Sarawak,p6,404.294,,,,,
abs,1/1/2015,Selangor,p0,268824.995,,,,,
abs,1/1/2015,Selangor,p1,4075.799,,,,,
abs,1/1/2015,Selangor,p2,498.594,,,,,
abs,1/1/2015,Selangor,p3,75537.402,,,,,
abs,1/1/2015,Selangor,p4,16674.165,,,,,
abs,1/1/2015,Selangor,p5,163967.04,,,,,
abs,1/1/2015,Selangor,p6,8071.995,,,,,
abs,1/1/2015,Terengganu,p0,31124.445,,,,,
abs,1/1/2015,Terengganu,p1,2764.756,,,,,
abs,1/1/2015,Terengganu,p2,145.627,,,,,
abs,1/1/2015,Terengganu,p3,11296.446,,,,,
abs,1/1/2015,Terengganu,p4,903.75,,,,,
abs,1/1/2015,Terengganu,p5,15965.109,,,,,
abs,1/1/2015,Terengganu,p6,48.757,,,,,
abs,1/1/2015,W.P. Kuala Lumpur,p0,180864.541,,,,,
abs,1/1/2015,W.P. Kuala Lumpur,p1,0,,,,,
abs,1/1/2015,W.P. Kuala Lumpur,p2,117.469,,,,,
abs,1/1/2015,W.P. Kuala Lumpur,p3,5641.072,,,,,
abs,1/1/2015,W.P. Kuala Lumpur,p4,12915.189,,,,,
abs,1/1/2015,W.P. Kuala Lumpur,p5,159751.802,,,,,
abs,1/1/2015,W.P. Kuala Lumpur,p6,2437.469,,,,,
abs,1/1/2015,W.P. Labuan,p0,5999.225,,,,,
abs,1/1/2015,W.P. Labuan,p1,118.109,,,,,
abs,1/1/2015,W.P. Labuan,p2,0,,,,,
abs,1/1/2015,W.P. Labuan,p3,1168.465,,,,,
abs,1/1/2015,W.P. Labuan,p4,148.418,,,,,
abs,1/1/2015,W.P. Labuan,p5,4490.305,,,,,
abs,1/1/2015,W.P. Labuan,p6,73.928,,,,,
abs,1/1/2016,Johor,p0,116682.227,,,,,
abs,1/1/2016,Johor,p1,15029.966,,,,,
abs,1/1/2016,Johor,p2,569.326,,,,,
abs,1/1/2016,Johor,p3,34121.545,,,,,
abs,1/1/2016,Johor,p4,8978.486,,,,,
abs,1/1/2016,Johor,p5,56266.132,,,,,
abs,1/1/2016,Johor,p6,1716.772,,,,,
abs,1/1/2016,Kedah,p0,41155.715,,,,,
abs,1/1/2016,Kedah,p1,5202.482,,,,,
abs,1/1/2016,Kedah,p2,95.702,,,,,
abs,1/1/2016,Kedah,p3,11933.93,,,,,
abs,1/1/2016,Kedah,p4,997.847,,,,,
abs,1/1/2016,Kedah,p5,22603.916,,,,,
abs,1/1/2016,Kedah,p6,321.838,,,,,
abs,1/1/2016,Kelantan,p0,22475.73,,,,,
abs,1/1/2016,Kelantan,p1,5287.474,,,,,
abs,1/1/2016,Kelantan,p2,257.197,,,,,
abs,1/1/2016,Kelantan,p3,1171.974,,,,,
abs,1/1/2016,Kelantan,p4,575.397,,,,,
abs,1/1/2016,Kelantan,p5,15158.95,,,,,
abs,1/1/2016,Kelantan,p6,24.739,,,,,
abs,1/1/2016,Melaka,p0,37712.736,,,,,
abs,1/1/2016,Melaka,p1,4312.324,,,,,
abs,1/1/2016,Melaka,p2,52.608,,,,,
abs,1/1/2016,Melaka,p3,14626.228,,,,,
abs,1/1/2016,Melaka,p4,997.69,,,,,
abs,1/1/2016,Melaka,p5,17655.431,,,,,
abs,1/1/2016,Melaka,p6,68.455,,,,,
abs,1/1/2016,Negeri Sembilan,p0,41771.246,,,,,
abs,1/1/2016,Negeri Sembilan,p1,3056.453,,,,,
abs,1/1/2016,Negeri Sembilan,p2,197.694,,,,,
abs,1/1/2016,Negeri Sembilan,p3,16132.922,,,,,
abs,1/1/2016,Negeri Sembilan,p4,1466.149,,,,,
abs,1/1/2016,Negeri Sembilan,p5,19975.95,,,,,
abs,1/1/2016,Negeri Sembilan,p6,942.078,,,,,
abs,1/1/2016,Pahang,p0,50875.222,,,,,
abs,1/1/2016,Pahang,p1,11193.044,,,,,
abs,1/1/2016,Pahang,p2,878.802,,,,,
abs,1/1/2016,Pahang,p3,10820.351,,,,,
abs,1/1/2016,Pahang,p4,2726.442,,,,,
abs,1/1/2016,Pahang,p5,25173.04,,,,,
abs,1/1/2016,Pahang,p6,83.543,,,,,
abs,1/1/2016,Perak,p0,65958.409,,,,,
abs,1/1/2016,Perak,p1,10151.488,,,,,
abs,1/1/2016,Perak,p2,413.624,,,,,
abs,1/1/2016,Perak,p3,11752.31,,,,,
abs,1/1/2016,Perak,p4,2785.886,,,,,
abs,1/1/2016,Perak,p5,40762.08,,,,,
abs,1/1/2016,Perak,p6,93.021,,,,,
abs,1/1/2016,Perlis,p0,5569.584,,,,,
abs,1/1/2016,Perlis,p1,1200.073,,,,,
abs,1/1/2016,Perlis,p2,28.359,,,,,
abs,1/1/2016,Perlis,p3,448.56,,,,,
abs,1/1/2016,Perlis,p4,212.035,,,,,
abs,1/1/2016,Perlis,p5,3578.896,,,,,
abs,1/1/2016,Perlis,p6,101.661,,,,,
abs,1/1/2016,Pulau Pinang,p0,82493.279,,,,,
abs,1/1/2016,Pulau Pinang,p1,1987.813,,,,,
abs,1/1/2016,Pulau Pinang,p2,135.366,,,,,
abs,1/1/2016,Pulau Pinang,p3,35410.767,,,,,
abs,1/1/2016,Pulau Pinang,p4,2984.449,,,,,
abs,1/1/2016,Pulau Pinang,p5,41166.781,,,,,
abs,1/1/2016,Pulau Pinang,p6,808.102,,,,,
abs,1/1/2016,Sabah,p0,77518.046,,,,,
abs,1/1/2016,Sabah,p1,13255.092,,,,,
abs,1/1/2016,Sabah,p2,21992.315,,,,,
abs,1/1/2016,Sabah,p3,6036.734,,,,,
abs,1/1/2016,Sabah,p4,2357.442,,,,,
abs,1/1/2016,Sabah,p5,33574.808,,,,,
abs,1/1/2016,Sabah,p6,301.656,,,,,
abs,1/1/2016,Sarawak,p0,124512.946,,,,,
abs,1/1/2016,Sarawak,p1,16631.881,,,,,
abs,1/1/2016,Sarawak,p2,29252.866,,,,,
abs,1/1/2016,Sarawak,p3,33566.582,,,,,
abs,1/1/2016,Sarawak,p4,3633.388,,,,,
abs,1/1/2016,Sarawak,p5,40981.962,,,,,
abs,1/1/2016,Sarawak,p6,446.268,,,,,
abs,1/1/2016,Selangor,p0,281838.865,,,,,
abs,1/1/2016,Selangor,p1,3872.074,,,,,
abs,1/1/2016,Selangor,p2,642.954,,,,,
abs,1/1/2016,Selangor,p3,78710.259,,,,,
abs,1/1/2016,Selangor,p4,16242.991,,,,,
abs,1/1/2016,Selangor,p5,173869.515,,,,,
abs,1/1/2016,Selangor,p6,8501.073,,,,,
abs,1/1/2016,Terengganu,p0,32133.081,,,,,
abs,1/1/2016,Terengganu,p1,2681.315,,,,,
abs,1/1/2016,Terengganu,p2,159.386,,,,,
abs,1/1/2016,Terengganu,p3,12115.969,,,,,
abs,1/1/2016,Terengganu,p4,919.66,,,,,
abs,1/1/2016,Terengganu,p5,16207.034,,,,,
abs,1/1/2016,Terengganu,p6,49.718,,,,,
abs,1/1/2016,W.P. Kuala Lumpur,p0,191640.985,,,,,
abs,1/1/2016,W.P. Kuala Lumpur,p1,0,,,,,
abs,1/1/2016,W.P. Kuala Lumpur,p2,129.065,,,,,
abs,1/1/2016,W.P. Kuala Lumpur,p3,5794.6,,,,,
abs,1/1/2016,W.P. Kuala Lumpur,p4,14509.479,,,,,
abs,1/1/2016,W.P. Kuala Lumpur,p5,168742.436,,,,,
abs,1/1/2016,W.P. Kuala Lumpur,p6,2463.885,,,,,
abs,1/1/2016,W.P. Labuan,p0,6412.031,,,,,
abs,1/1/2016,W.P. Labuan,p1,114.448,,,,,
abs,1/1/2016,W.P. Labuan,p2,0,,,,,
abs,1/1/2016,W.P. Labuan,p3,1255.813,,,,,
abs,1/1/2016,W.P. Labuan,p4,120.57,,,,,
abs,1/1/2016,W.P. Labuan,p5,4844.388,,,,,
abs,1/1/2016,W.P. Labuan,p6,76.813,,,,,
abs,1/1/2017,Johor,p0,123561.327,,,,,
abs,1/1/2017,Johor,p1,16169.986,,,,,
abs,1/1/2017,Johor,p2,655.514,,,,,
abs,1/1/2017,Johor,p3,36465.306,,,,,
abs,1/1/2017,Johor,p4,8407.258,,,,,
abs,1/1/2017,Johor,p5,59999.052,,,,,
abs,1/1/2017,Johor,p6,1864.21,,,,,
abs,1/1/2017,Kedah,p0,43066.583,,,,,
abs,1/1/2017,Kedah,p1,5465.003,,,,,
abs,1/1/2017,Kedah,p2,109.592,,,,,
abs,1/1/2017,Kedah,p3,12449.393,,,,,
abs,1/1/2017,Kedah,p4,928.052,,,,,
abs,1/1/2017,Kedah,p5,23808.188,,,,,
abs,1/1/2017,Kedah,p6,306.354,,,,,
abs,1/1/2017,Kelantan,p0,23501.175,,,,,
abs,1/1/2017,Kelantan,p1,5476.893,,,,,
abs,1/1/2017,Kelantan,p2,300.233,,,,,
abs,1/1/2017,Kelantan,p3,1277.854,,,,,
abs,1/1/2017,Kelantan,p4,520.898,,,,,
abs,1/1/2017,Kelantan,p5,15899.029,,,,,
abs,1/1/2017,Kelantan,p6,26.268,,,,,
abs,1/1/2017,Melaka,p0,40829.986,,,,,
abs,1/1/2017,Melaka,p1,4625.117,,,,,
abs,1/1/2017,Melaka,p2,56.59,,,,,
abs,1/1/2017,Melaka,p3,15620.547,,,,,
abs,1/1/2017,Melaka,p4,1720.331,,,,,
abs,1/1/2017,Melaka,p5,18613.275,,,,,
abs,1/1/2017,Melaka,p6,194.127,,,,,
abs,1/1/2017,Negeri Sembilan,p0,43815.729,,,,,
abs,1/1/2017,Negeri Sembilan,p1,3321.278,,,,,
abs,1/1/2017,Negeri Sembilan,p2,217.007,,,,,
abs,1/1/2017,Negeri Sembilan,p3,16653.928,,,,,
abs,1/1/2017,Negeri Sembilan,p4,1715.817,,,,,
abs,1/1/2017,Negeri Sembilan,p5,20915.752,,,,,
abs,1/1/2017,Negeri Sembilan,p6,991.945,,,,,
abs,1/1/2017,Pahang,p0,54591.139,,,,,
abs,1/1/2017,Pahang,p1,12253.554,,,,,
abs,1/1/2017,Pahang,p2,709.071,,,,,
abs,1/1/2017,Pahang,p3,11531.092,,,,,
abs,1/1/2017,Pahang,p4,3230.848,,,,,
abs,1/1/2017,Pahang,p5,26719.548,,,,,
abs,1/1/2017,Pahang,p6,147.025,,,,,
abs,1/1/2017,Perak,p0,69336.571,,,,,
abs,1/1/2017,Perak,p1,10941.99,,,,,
abs,1/1/2017,Perak,p2,438.054,,,,,
abs,1/1/2017,Perak,p3,12691.378,,,,,
abs,1/1/2017,Perak,p4,2113.067,,,,,
abs,1/1/2017,Perak,p5,43027.708,,,,,
abs,1/1/2017,Perak,p6,124.374,,,,,
abs,1/1/2017,Perlis,p0,5694.648,,,,,
abs,1/1/2017,Perlis,p1,1248.989,,,,,
abs,1/1/2017,Perlis,p2,30.706,,,,,
abs,1/1/2017,Perlis,p3,458.684,,,,,
abs,1/1/2017,Perlis,p4,121.183,,,,,
abs,1/1/2017,Perlis,p5,3722.87,,,,,
abs,1/1/2017,Perlis,p6,112.216,,,,,
abs,1/1/2017,Pulau Pinang,p0,86767.823,,,,,
abs,1/1/2017,Pulau Pinang,p1,2034.414,,,,,
abs,1/1/2017,Pulau Pinang,p2,143.794,,,,,
abs,1/1/2017,Pulau Pinang,p3,37425.53,,,,,
abs,1/1/2017,Pulau Pinang,p4,2688.806,,,,,
abs,1/1/2017,Pulau Pinang,p5,43458.075,,,,,
abs,1/1/2017,Pulau Pinang,p6,1017.204,,,,,
abs,1/1/2017,Sabah,p0,83793.257,,,,,
abs,1/1/2017,Sabah,p1,13882.585,,,,,
abs,1/1/2017,Sabah,p2,25440.572,,,,,
abs,1/1/2017,Sabah,p3,6362.349,,,,,
abs,1/1/2017,Sabah,p4,2322.385,,,,,
abs,1/1/2017,Sabah,p5,35433.648,,,,,
abs,1/1/2017,Sabah,p6,351.717,,,,,
abs,1/1/2017,Sarawak,p0,130168.608,,,,,
abs,1/1/2017,Sarawak,p1,16728.012,,,,,
abs,1/1/2017,Sarawak,p2,30213.547,,,,,
abs,1/1/2017,Sarawak,p3,34811.03,,,,,
abs,1/1/2017,Sarawak,p4,4354.593,,,,,
abs,1/1/2017,Sarawak,p5,43541.213,,,,,
abs,1/1/2017,Sarawak,p6,520.213,,,,,
abs,1/1/2017,Selangor,p0,302186.45,,,,,
abs,1/1/2017,Selangor,p1,4319.285,,,,,
abs,1/1/2017,Selangor,p2,691.631,,,,,
abs,1/1/2017,Selangor,p3,84963.994,,,,,
abs,1/1/2017,Selangor,p4,17580.447,,,,,
abs,1/1/2017,Selangor,p5,186017.921,,,,,
abs,1/1/2017,Selangor,p6,8613.171,,,,,
abs,1/1/2017,Terengganu,p0,33978.557,,,,,
abs,1/1/2017,Terengganu,p1,2921.319,,,,,
abs,1/1/2017,Terengganu,p2,173.812,,,,,
abs,1/1/2017,Terengganu,p3,12586.427,,,,,
abs,1/1/2017,Terengganu,p4,1275.923,,,,,
abs,1/1/2017,Terengganu,p5,16916.309,,,,,
abs,1/1/2017,Terengganu,p6,104.767,,,,,
abs,1/1/2017,W.P. Kuala Lumpur,p0,206175.307,,,,,
abs,1/1/2017,W.P. Kuala Lumpur,p1,0,,,,,
abs,1/1/2017,W.P. Kuala Lumpur,p2,145.62,,,,,
abs,1/1/2017,W.P. Kuala Lumpur,p3,5870.658,,,,,
abs,1/1/2017,W.P. Kuala Lumpur,p4,16406.305,,,,,
abs,1/1/2017,W.P. Kuala Lumpur,p5,180195.571,,,,,
abs,1/1/2017,W.P. Kuala Lumpur,p6,3555.524,,,,,
abs,1/1/2017,W.P. Labuan,p0,6789.806,,,,,
abs,1/1/2017,W.P. Labuan,p1,118.722,,,,,
abs,1/1/2017,W.P. Labuan,p2,0,,,,,
abs,1/1/2017,W.P. Labuan,p3,1295.515,,,,,
abs,1/1/2017,W.P. Labuan,p4,135.768,,,,,
abs,1/1/2017,W.P. Labuan,p5,5092.569,,,,,
abs,1/1/2017,W.P. Labuan,p6,147.231,,,,,
abs,1/1/2018,Johor,p0,130585.945,,,,,
abs,1/1/2018,Johor,p1,16246.395,,,,,
abs,1/1/2018,Johor,p2,711.119,,,,,
abs,1/1/2018,Johor,p3,38337.729,,,,,
abs,1/1/2018,Johor,p4,9217.347,,,,,
abs,1/1/2018,Johor,p5,64401.807,,,,,
abs,1/1/2018,Johor,p6,1671.547,,,,,
abs,1/1/2018,Kedah,p0,44803.83,,,,,
abs,1/1/2018,Kedah,p1,5467.96,,,,,
abs,1/1/2018,Kedah,p2,114.924,,,,,
abs,1/1/2018,Kedah,p3,12827.215,,,,,
abs,1/1/2018,Kedah,p4,1008.855,,,,,
abs,1/1/2018,Kedah,p5,25104.159,,,,,
abs,1/1/2018,Kedah,p6,280.717,,,,,
abs,1/1/2018,Kelantan,p0,24142.691,,,,,
abs,1/1/2018,Kelantan,p1,5430.623,,,,,
abs,1/1/2018,Kelantan,p2,359.496,,,,,
abs,1/1/2018,Kelantan,p3,1281.173,,,,,
abs,1/1/2018,Kelantan,p4,324.425,,,,,
abs,1/1/2018,Kelantan,p5,16721.126,,,,,
abs,1/1/2018,Kelantan,p6,25.848,,,,,
abs,1/1/2018,Melaka,p0,42375.671,,,,,
abs,1/1/2018,Melaka,p1,4567.438,,,,,
abs,1/1/2018,Melaka,p2,61.964,,,,,
abs,1/1/2018,Melaka,p3,16334.858,,,,,
abs,1/1/2018,Melaka,p4,1495.597,,,,,
abs,1/1/2018,Melaka,p5,19730.706,,,,,
abs,1/1/2018,Melaka,p6,185.109,,,,,
abs,1/1/2018,Negeri Sembilan,p0,45694.04,,,,,
abs,1/1/2018,Negeri Sembilan,p1,3323.09,,,,,
abs,1/1/2018,Negeri Sembilan,p2,223.609,,,,,
abs,1/1/2018,Negeri Sembilan,p3,17208.037,,,,,
abs,1/1/2018,Negeri Sembilan,p4,1915.685,,,,,
abs,1/1/2018,Negeri Sembilan,p5,22126.197,,,,,
abs,1/1/2018,Negeri Sembilan,p6,897.422,,,,,
abs,1/1/2018,Pahang,p0,56289.94,,,,,
abs,1/1/2018,Pahang,p1,12418.561,,,,,
abs,1/1/2018,Pahang,p2,705.115,,,,,
abs,1/1/2018,Pahang,p3,12194.343,,,,,
abs,1/1/2018,Pahang,p4,2399.236,,,,,
abs,1/1/2018,Pahang,p5,28453.955,,,,,
abs,1/1/2018,Pahang,p6,118.73,,,,,
abs,1/1/2018,Perak,p0,73030.81,,,,,
abs,1/1/2018,Perak,p1,10993.834,,,,,
abs,1/1/2018,Perak,p2,460.602,,,,,
abs,1/1/2018,Perak,p3,13221.631,,,,,
abs,1/1/2018,Perak,p4,2336.763,,,,,
abs,1/1/2018,Perak,p5,45910.8,,,,,
abs,1/1/2018,Perak,p6,107.18,,,,,
abs,1/1/2018,Perlis,p0,5885.364,,,,,
abs,1/1/2018,Perlis,p1,1260.332,,,,,
abs,1/1/2018,Perlis,p2,32.582,,,,,
abs,1/1/2018,Perlis,p3,465.657,,,,,
abs,1/1/2018,Perlis,p4,147.251,,,,,
abs,1/1/2018,Perlis,p5,3881.139,,,,,
abs,1/1/2018,Perlis,p6,98.404,,,,,
abs,1/1/2018,Pulau Pinang,p0,91234.235,,,,,
abs,1/1/2018,Pulau Pinang,p1,1969.23,,,,,
abs,1/1/2018,Pulau Pinang,p2,156.363,,,,,
abs,1/1/2018,Pulau Pinang,p3,39458.422,,,,,
abs,1/1/2018,Pulau Pinang,p4,2619.567,,,,,
abs,1/1/2018,Pulau Pinang,p5,46120.484,,,,,
abs,1/1/2018,Pulau Pinang,p6,910.17,,,,,
abs,1/1/2018,Sabah,p0,85012.016,,,,,
abs,1/1/2018,Sabah,p1,13836.318,,,,,
abs,1/1/2018,Sabah,p2,23993.921,,,,,
abs,1/1/2018,Sabah,p3,6513.729,,,,,
abs,1/1/2018,Sabah,p4,2918.088,,,,,
abs,1/1/2018,Sabah,p5,37423.047,,,,,
abs,1/1/2018,Sabah,p6,326.914,,,,,
abs,1/1/2018,Sarawak,p0,133009.823,,,,,
abs,1/1/2018,Sarawak,p1,16614.458,,,,,
abs,1/1/2018,Sarawak,p2,29626.577,,,,,
abs,1/1/2018,Sarawak,p3,35579.068,,,,,
abs,1/1/2018,Sarawak,p4,4402.37,,,,,
abs,1/1/2018,Sarawak,p5,46312.482,,,,,
abs,1/1/2018,Sarawak,p6,474.869,,,,,
abs,1/1/2018,Selangor,p0,323215.439,,,,,
abs,1/1/2018,Selangor,p1,4534.651,,,,,
abs,1/1/2018,Selangor,p2,737.317,,,,,
abs,1/1/2018,Selangor,p3,91132.978,,,,,
abs,1/1/2018,Selangor,p4,18645.768,,,,,
abs,1/1/2018,Selangor,p5,200323.506,,,,,
abs,1/1/2018,Selangor,p6,7841.217,,,,,
abs,1/1/2018,Terengganu,p0,34838.208,,,,,
abs,1/1/2018,Terengganu,p1,2846.927,,,,,
abs,1/1/2018,Terengganu,p2,183.225,,,,,
abs,1/1/2018,Terengganu,p3,13055.539,,,,,
abs,1/1/2018,Terengganu,p4,1161.133,,,,,
abs,1/1/2018,Terengganu,p5,17527.333,,,,,
abs,1/1/2018,Terengganu,p6,64.051,,,,,
abs,1/1/2018,W.P. Kuala Lumpur,p0,220358.974,,,,,
abs,1/1/2018,W.P. Kuala Lumpur,p1,0,,,,,
abs,1/1/2018,W.P. Kuala Lumpur,p2,145.724,,,,,
abs,1/1/2018,W.P. Kuala Lumpur,p3,5867.619,,,,,
abs,1/1/2018,W.P. Kuala Lumpur,p4,17446.124,,,,,
abs,1/1/2018,W.P. Kuala Lumpur,p5,193472.341,,,,,
abs,1/1/2018,W.P. Kuala Lumpur,p6,3425.512,,,,,
abs,1/1/2018,W.P. Labuan,p0,7244.941,,,,,
abs,1/1/2018,W.P. Labuan,p1,125.608,,,,,
abs,1/1/2018,W.P. Labuan,p2,0,,,,,
abs,1/1/2018,W.P. Labuan,p3,1364.66,,,,,
abs,1/1/2018,W.P. Labuan,p4,156.064,,,,,
abs,1/1/2018,W.P. Labuan,p5,5480.777,,,,,
abs,1/1/2018,W.P. Labuan,p6,117.831,,,,,
abs,1/1/2019,Johor,p0,134225.938,,,,,
abs,1/1/2019,Johor,p1,16403.246,,,,,
abs,1/1/2019,Johor,p2,812.547,,,,,
abs,1/1/2019,Johor,p3,40124.896,,,,,
abs,1/1/2019,Johor,p4,6699.7,,,,,
abs,1/1/2019,Johor,p5,68576.722,,,,,
abs,1/1/2019,Johor,p6,1608.826,,,,,
abs,1/1/2019,Kedah,p0,46841.199,,,,,
abs,1/1/2019,Kedah,p1,5645.724,,,,,
abs,1/1/2019,Kedah,p2,125.34,,,,,
abs,1/1/2019,Kedah,p3,13429.618,,,,,
abs,1/1/2019,Kedah,p4,1090.383,,,,,
abs,1/1/2019,Kedah,p5,26326.519,,,,,
abs,1/1/2019,Kedah,p6,223.615,,,,,
abs,1/1/2019,Kelantan,p0,25479.178,,,,,
abs,1/1/2019,Kelantan,p1,5813.752,,,,,
abs,1/1/2019,Kelantan,p2,416.804,,,,,
abs,1/1/2019,Kelantan,p3,1300.391,,,,,
abs,1/1/2019,Kelantan,p4,383.135,,,,,
abs,1/1/2019,Kelantan,p5,17535.366,,,,,
abs,1/1/2019,Kelantan,p6,29.729,,,,,
abs,1/1/2019,Melaka,p0,43583.397,,,,,
abs,1/1/2019,Melaka,p1,4433.169,,,,,
abs,1/1/2019,Melaka,p2,67.905,,,,,
abs,1/1/2019,Melaka,p3,16744.806,,,,,
abs,1/1/2019,Melaka,p4,1357.797,,,,,
abs,1/1/2019,Melaka,p5,20917.737,,,,,
abs,1/1/2019,Melaka,p6,61.984,,,,,
abs,1/1/2019,Negeri Sembilan,p0,48033.554,,,,,
abs,1/1/2019,Negeri Sembilan,p1,3556.781,,,,,
abs,1/1/2019,Negeri Sembilan,p2,235.759,,,,,
abs,1/1/2019,Negeri Sembilan,p3,17630.391,,,,,
abs,1/1/2019,Negeri Sembilan,p4,1842.634,,,,,
abs,1/1/2019,Negeri Sembilan,p5,24037.373,,,,,
abs,1/1/2019,Negeri Sembilan,p6,730.616,,,,,
abs,1/1/2019,Pahang,p0,58434.372,,,,,
abs,1/1/2019,Pahang,p1,12849.208,,,,,
abs,1/1/2019,Pahang,p2,819.669,,,,,
abs,1/1/2019,Pahang,p3,12766.618,,,,,
abs,1/1/2019,Pahang,p4,1726.92,,,,,
abs,1/1/2019,Pahang,p5,30217.041,,,,,
abs,1/1/2019,Pahang,p6,54.917,,,,,
abs,1/1/2019,Perak,p0,75992.708,,,,,
abs,1/1/2019,Perak,p1,11312.41,,,,,
abs,1/1/2019,Perak,p2,504.554,,,,,
abs,1/1/2019,Perak,p3,13683.259,,,,,
abs,1/1/2019,Perak,p4,2490.203,,,,,
abs,1/1/2019,Perak,p5,47970.594,,,,,
abs,1/1/2019,Perak,p6,31.687,,,,,
abs,1/1/2019,Perlis,p0,6151.334,,,,,
abs,1/1/2019,Perlis,p1,1333.94,,,,,
abs,1/1/2019,Perlis,p2,33.318,,,,,
abs,1/1/2019,Perlis,p3,470.377,,,,,
abs,1/1/2019,Perlis,p4,166.658,,,,,
abs,1/1/2019,Perlis,p5,4074.923,,,,,
abs,1/1/2019,Perlis,p6,72.118,,,,,
abs,1/1/2019,Pulau Pinang,p0,94645.352,,,,,
abs,1/1/2019,Pulau Pinang,p1,2067.787,,,,,
abs,1/1/2019,Pulau Pinang,p2,171.449,,,,,
abs,1/1/2019,Pulau Pinang,p3,40510.378,,,,,
abs,1/1/2019,Pulau Pinang,p4,2644.079,,,,,
abs,1/1/2019,Pulau Pinang,p5,48645.481,,,,,
abs,1/1/2019,Pulau Pinang,p6,606.177,,,,,
abs,1/1/2019,Sabah,p0,85641.69,,,,,
abs,1/1/2019,Sabah,p1,13719.07,,,,,
abs,1/1/2019,Sabah,p2,22736.44,,,,,
abs,1/1/2019,Sabah,p3,6471.818,,,,,
abs,1/1/2019,Sabah,p4,3098.682,,,,,
abs,1/1/2019,Sabah,p5,39428.467,,,,,
abs,1/1/2019,Sabah,p6,187.213,,,,,
abs,1/1/2019,Sarawak,p0,136759.184,,,,,
abs,1/1/2019,Sarawak,p1,16578.352,,,,,
abs,1/1/2019,Sarawak,p2,30012.841,,,,,
abs,1/1/2019,Sarawak,p3,36612.585,,,,,
abs,1/1/2019,Sarawak,p4,4476.115,,,,,
abs,1/1/2019,Sarawak,p5,48761.022,,,,,
abs,1/1/2019,Sarawak,p6,318.269,,,,,
abs,1/1/2019,Selangor,p0,345008.461,,,,,
abs,1/1/2019,Selangor,p1,4708.902,,,,,
abs,1/1/2019,Selangor,p2,859.075,,,,,
abs,1/1/2019,Selangor,p3,95941.82,,,,,
abs,1/1/2019,Selangor,p4,20663.954,,,,,
abs,1/1/2019,Selangor,p5,214347.881,,,,,
abs,1/1/2019,Selangor,p6,8486.83,,,,,
abs,1/1/2019,Terengganu,p0,36000.52,,,,,
abs,1/1/2019,Terengganu,p1,3016.084,,,,,
abs,1/1/2019,Terengganu,p2,200.918,,,,,
abs,1/1/2019,Terengganu,p3,13093.274,,,,,
abs,1/1/2019,Terengganu,p4,1165.429,,,,,
abs,1/1/2019,Terengganu,p5,18508.873,,,,,
abs,1/1/2019,Terengganu,p6,15.941,,,,,
abs,1/1/2019,W.P. Kuala Lumpur,p0,233793.693,,,,,
abs,1/1/2019,W.P. Kuala Lumpur,p1,0,,,,,
abs,1/1/2019,W.P. Kuala Lumpur,p2,152.637,,,,,
abs,1/1/2019,W.P. Kuala Lumpur,p3,6119.096,,,,,
abs,1/1/2019,W.P. Kuala Lumpur,p4,18469.697,,,,,
abs,1/1/2019,W.P. Kuala Lumpur,p5,205330.858,,,,,
abs,1/1/2019,W.P. Kuala Lumpur,p6,3719.753,,,,,
abs,1/1/2019,W.P. Labuan,p0,7623.268,,,,,
abs,1/1/2019,W.P. Labuan,p1,133.251,,,,,
abs,1/1/2019,W.P. Labuan,p2,0,,,,,
abs,1/1/2019,W.P. Labuan,p3,1383.647,,,,,
abs,1/1/2019,W.P. Labuan,p4,177.184,,,,,
abs,1/1/2019,W.P. Labuan,p5,5897.621,,,,,
abs,1/1/2019,W.P. Labuan,p6,31.566,,,,,
abs,1/1/2020,Johor,p0,128073.564,,,,,
abs,1/1/2020,Johor,p1,16856.55,,,,,
abs,1/1/2020,Johor,p2,657.515,,,,,
abs,1/1/2020,Johor,p3,38650.689,,,,,
abs,1/1/2020,Johor,p4,4175.525,,,,,
abs,1/1/2020,Johor,p5,66406.166,,,,,
abs,1/1/2020,Johor,p6,1327.119,,,,,
abs,1/1/2020,Kedah,p0,46042.458,,,,,
abs,1/1/2020,Kedah,p1,5517.843,,,,,
abs,1/1/2020,Kedah,p2,111.892,,,,,
abs,1/1/2020,Kedah,p3,13618.773,,,,,
abs,1/1/2020,Kedah,p4,1112.621,,,,,
abs,1/1/2020,Kedah,p5,25433.746,,,,,
abs,1/1/2020,Kedah,p6,247.582,,,,,
abs,1/1/2020,Kelantan,p0,25187.708,,,,,
abs,1/1/2020,Kelantan,p1,5817.503,,,,,
abs,1/1/2020,Kelantan,p2,341.892,,,,,
abs,1/1/2020,Kelantan,p3,1234.011,,,,,
abs,1/1/2020,Kelantan,p4,396.456,,,,,
abs,1/1/2020,Kelantan,p5,17374.192,,,,,
abs,1/1/2020,Kelantan,p6,23.653,,,,,
abs,1/1/2020,Melaka,p0,41030.449,,,,,
abs,1/1/2020,Melaka,p1,4583.532,,,,,
abs,1/1/2020,Melaka,p2,59.283,,,,,
abs,1/1/2020,Melaka,p3,15322.431,,,,,
abs,1/1/2020,Melaka,p4,991.943,,,,,
abs,1/1/2020,Melaka,p5,19969.693,,,,,
abs,1/1/2020,Melaka,p6,103.567,,,,,
abs,1/1/2020,Negeri Sembilan,p0,46336.101,,,,,
abs,1/1/2020,Negeri Sembilan,p1,3318.702,,,,,
abs,1/1/2020,Negeri Sembilan,p2,199.668,,,,,
abs,1/1/2020,Negeri Sembilan,p3,16760.978,,,,,
abs,1/1/2020,Negeri Sembilan,p4,1370.22,,,,,
abs,1/1/2020,Negeri Sembilan,p5,23822.068,,,,,
abs,1/1/2020,Negeri Sembilan,p6,864.466,,,,,
abs,1/1/2020,Pahang,p0,54885.462,,,,,
abs,1/1/2020,Pahang,p1,13001.464,,,,,
abs,1/1/2020,Pahang,p2,613.576,,,,,
abs,1/1/2020,Pahang,p3,12246.086,,,,,
abs,1/1/2020,Pahang,p4,1351.98,,,,,
abs,1/1/2020,Pahang,p5,27597.184,,,,,
abs,1/1/2020,Pahang,p6,75.173,,,,,
abs,1/1/2020,Perak,p0,74263.987,,,,,
abs,1/1/2020,Perak,p1,11430.364,,,,,
abs,1/1/2020,Perak,p2,432.138,,,,,
abs,1/1/2020,Perak,p3,14155.88,,,,,
abs,1/1/2020,Perak,p4,2057.417,,,,,
abs,1/1/2020,Perak,p5,46136.819,,,,,
abs,1/1/2020,Perak,p6,51.37,,,,,
abs,1/1/2020,Perlis,p0,5785.067,,,,,
abs,1/1/2020,Perlis,p1,1087.742,,,,,
abs,1/1/2020,Perlis,p2,30.067,,,,,
abs,1/1/2020,Perlis,p3,443.996,,,,,
abs,1/1/2020,Perlis,p4,150.603,,,,,
abs,1/1/2020,Perlis,p5,4032.247,,,,,
abs,1/1/2020,Perlis,p6,40.41,,,,,
abs,1/1/2020,Pulau Pinang,p0,92690.682,,,,,
abs,1/1/2020,Pulau Pinang,p1,2048.85,,,,,
abs,1/1/2020,Pulau Pinang,p2,139.141,,,,,
abs,1/1/2020,Pulau Pinang,p3,41626.57,,,,,
abs,1/1/2020,Pulau Pinang,p4,2234.118,,,,,
abs,1/1/2020,Pulau Pinang,p5,45978.568,,,,,
abs,1/1/2020,Pulau Pinang,p6,663.435,,,,,
abs,1/1/2020,Sabah,p0,77840.052,,,,,
abs,1/1/2020,Sabah,p1,12798.329,,,,,
abs,1/1/2020,Sabah,p2,19935.969,,,,,
abs,1/1/2020,Sabah,p3,6042.344,,,,,
abs,1/1/2020,Sabah,p4,2196.533,,,,,
abs,1/1/2020,Sabah,p5,36597.415,,,,,
abs,1/1/2020,Sabah,p6,269.462,,,,,
abs,1/1/2020,Sarawak,p0,127556.288,,,,,
abs,1/1/2020,Sarawak,p1,14907.463,,,,,
abs,1/1/2020,Sarawak,p2,28591.412,,,,,
abs,1/1/2020,Sarawak,p3,33427.691,,,,,
abs,1/1/2020,Sarawak,p4,4081.745,,,,,
abs,1/1/2020,Sarawak,p5,46160.302,,,,,
abs,1/1/2020,Sarawak,p6,387.676,,,,,
abs,1/1/2020,Selangor,p0,326805.3,,,,,
abs,1/1/2020,Selangor,p1,4721.221,,,,,
abs,1/1/2020,Selangor,p2,755.167,,,,,
abs,1/1/2020,Selangor,p3,95113.627,,,,,
abs,1/1/2020,Selangor,p4,18664.936,,,,,
abs,1/1/2020,Selangor,p5,200127.437,,,,,
abs,1/1/2020,Selangor,p6,7422.912,,,,,
abs,1/1/2020,Terengganu,p0,33994.032,,,,,
abs,1/1/2020,Terengganu,p1,2902.817,,,,,
abs,1/1/2020,Terengganu,p2,175.891,,,,,
abs,1/1/2020,Terengganu,p3,11861.58,,,,,
abs,1/1/2020,Terengganu,p4,1080.445,,,,,
abs,1/1/2020,Terengganu,p5,17942.611,,,,,
abs,1/1/2020,Terengganu,p6,30.687,,,,,
abs,1/1/2020,W.P. Kuala Lumpur,p0,217447.043,,,,,
abs,1/1/2020,W.P. Kuala Lumpur,p1,0,,,,,
abs,1/1/2020,W.P. Kuala Lumpur,p2,138.272,,,,,
abs,1/1/2020,W.P. Kuala Lumpur,p3,5733.447,,,,,
abs,1/1/2020,W.P. Kuala Lumpur,p4,13589.06,,,,,
abs,1/1/2020,W.P. Kuala Lumpur,p5,194204.167,,,,,
abs,1/1/2020,W.P. Kuala Lumpur,p6,3780.403,,,,,
abs,1/1/2020,W.P. Labuan,p0,7613.361,,,,,
abs,1/1/2020,W.P. Labuan,p1,115.129,,,,,
abs,1/1/2020,W.P. Labuan,p2,0,,,,,
abs,1/1/2020,W.P. Labuan,p3,1367.505,,,,,
abs,1/1/2020,W.P. Labuan,p4,162.59,,,,,
abs,1/1/2020,W.P. Labuan,p5,5910.296,,,,,
abs,1/1/2020,W.P. Labuan,p6,57.841,,,,,
abs,1/1/2021,Johor,p0,131242.981,,,,,
abs,1/1/2021,Johor,p1,16882.569,,,,,
abs,1/1/2021,Johor,p2,586.874,,,,,
abs,1/1/2021,Johor,p3,40726.902,,,,,
abs,1/1/2021,Johor,p4,3417.687,,,,,
abs,1/1/2021,Johor,p5,68360.034,,,,,
abs,1/1/2021,Johor,p6,1268.915,,,,,
abs,1/1/2021,Kedah,p0,47505.068,,,,,
abs,1/1/2021,Kedah,p1,5668.731,,,,,
abs,1/1/2021,Kedah,p2,103.154,,,,,
abs,1/1/2021,Kedah,p3,14465.165,,,,,
abs,1/1/2021,Kedah,p4,1018.949,,,,,
abs,1/1/2021,Kedah,p5,25925.347,,,,,
abs,1/1/2021,Kedah,p6,323.722,,,,,
abs,1/1/2021,Kelantan,p0,25781.895,,,,,
abs,1/1/2021,Kelantan,p1,5869.39,,,,,
abs,1/1/2021,Kelantan,p2,352.629,,,,,
abs,1/1/2021,Kelantan,p3,1259.726,,,,,
abs,1/1/2021,Kelantan,p4,400.86,,,,,
abs,1/1/2021,Kelantan,p5,17866.211,,,,,
abs,1/1/2021,Kelantan,p6,33.078,,,,,
abs,1/1/2021,Melaka,p0,41871.632,,,,,
abs,1/1/2021,Melaka,p1,4517.274,,,,,
abs,1/1/2021,Melaka,p2,55.351,,,,,
abs,1/1/2021,Melaka,p3,15835.427,,,,,
abs,1/1/2021,Melaka,p4,896.499,,,,,
abs,1/1/2021,Melaka,p5,20508.12,,,,,
abs,1/1/2021,Melaka,p6,58.961,,,,,
abs,1/1/2021,Negeri Sembilan,p0,47787.092,,,,,
abs,1/1/2021,Negeri Sembilan,p1,3303.506,,,,,
abs,1/1/2021,Negeri Sembilan,p2,186.343,,,,,
abs,1/1/2021,Negeri Sembilan,p3,17962.246,,,,,
abs,1/1/2021,Negeri Sembilan,p4,1365.234,,,,,
abs,1/1/2021,Negeri Sembilan,p5,24359.904,,,,,
abs,1/1/2021,Negeri Sembilan,p6,609.859,,,,,
abs,1/1/2021,Pahang,p0,55440.104,,,,,
abs,1/1/2021,Pahang,p1,13005.688,,,,,
abs,1/1/2021,Pahang,p2,507.224,,,,,
abs,1/1/2021,Pahang,p3,12990.245,,,,,
abs,1/1/2021,Pahang,p4,1600.807,,,,,
abs,1/1/2021,Pahang,p5,27285.399,,,,,
abs,1/1/2021,Pahang,p6,50.74,,,,,
abs,1/1/2021,Perak,p0,76900.997,,,,,
abs,1/1/2021,Perak,p1,11768.73,,,,,
abs,1/1/2021,Perak,p2,401.822,,,,,
abs,1/1/2021,Perak,p3,15453.346,,,,,
abs,1/1/2021,Perak,p4,1919.248,,,,,
abs,1/1/2021,Perak,p5,47322.899,,,,,
abs,1/1/2021,Perak,p6,34.953,,,,,
abs,1/1/2021,Perlis,p0,5866.65,,,,,
abs,1/1/2021,Perlis,p1,1023.525,,,,,
abs,1/1/2021,Perlis,p2,28.553,,,,,
abs,1/1/2021,Perlis,p3,467.888,,,,,
abs,1/1/2021,Perlis,p4,150.799,,,,,
abs,1/1/2021,Perlis,p5,4119.515,,,,,
abs,1/1/2021,Perlis,p6,76.371,,,,,
abs,1/1/2021,Pulau Pinang,p0,99123.944,,,,,
abs,1/1/2021,Pulau Pinang,p1,1999.831,,,,,
abs,1/1/2021,Pulau Pinang,p2,129.979,,,,,
abs,1/1/2021,Pulau Pinang,p3,46768.162,,,,,
abs,1/1/2021,Pulau Pinang,p4,2521.324,,,,,
abs,1/1/2021,Pulau Pinang,p5,47079.905,,,,,
abs,1/1/2021,Pulau Pinang,p6,624.743,,,,,
abs,1/1/2021,Sabah,p0,79000.069,,,,,
abs,1/1/2021,Sabah,p1,12517.988,,,,,
abs,1/1/2021,Sabah,p2,20574.499,,,,,
abs,1/1/2021,Sabah,p3,5931.064,,,,,
abs,1/1/2021,Sabah,p4,2368.222,,,,,
abs,1/1/2021,Sabah,p5,37368.739,,,,,
abs,1/1/2021,Sabah,p6,239.556,,,,,
abs,1/1/2021,Sarawak,p0,131593.878,,,,,
abs,1/1/2021,Sarawak,p1,14465.913,,,,,
abs,1/1/2021,Sarawak,p2,27875.384,,,,,
abs,1/1/2021,Sarawak,p3,37092.353,,,,,
abs,1/1/2021,Sarawak,p4,4490.408,,,,,
abs,1/1/2021,Sarawak,p5,47314.523,,,,,
abs,1/1/2021,Sarawak,p6,355.297,,,,,
abs,1/1/2021,Selangor,p0,344102.741,,,,,
abs,1/1/2021,Selangor,p1,4950.204,,,,,
abs,1/1/2021,Selangor,p2,707.8,,,,,
abs,1/1/2021,Selangor,p3,107456.098,,,,,
abs,1/1/2021,Selangor,p4,17473.8,,,,,
abs,1/1/2021,Selangor,p5,205429.698,,,,,
abs,1/1/2021,Selangor,p6,8085.14,,,,,
abs,1/1/2021,Terengganu,p0,35235.898,,,,,
abs,1/1/2021,Terengganu,p1,2751.573,,,,,
abs,1/1/2021,Terengganu,p2,177.668,,,,,
abs,1/1/2021,Terengganu,p3,12984.114,,,,,
abs,1/1/2021,Terengganu,p4,1105.7,,,,,
abs,1/1/2021,Terengganu,p5,18200.843,,,,,
abs,1/1/2021,Terengganu,p6,15.999,,,,,
abs,1/1/2021,W.P. Kuala Lumpur,p0,219883.721,,,,,
abs,1/1/2021,W.P. Kuala Lumpur,p1,0,,,,,
abs,1/1/2021,W.P. Kuala Lumpur,p2,134.235,,,,,
abs,1/1/2021,W.P. Kuala Lumpur,p3,5977.909,,,,,
abs,1/1/2021,W.P. Kuala Lumpur,p4,11966.1,,,,,
abs,1/1/2021,W.P. Kuala Lumpur,p5,197978.504,,,,,
abs,1/1/2021,W.P. Kuala Lumpur,p6,3825.288,,,,,
abs,1/1/2021,W.P. Labuan,p0,7649.669,,,,,
abs,1/1/2021,W.P. Labuan,p1,116.628,,,,,
abs,1/1/2021,W.P. Labuan,p2,0,,,,,
abs,1/1/2021,W.P. Labuan,p3,1353.715,,,,,
abs,1/1/2021,W.P. Labuan,p4,143.3,,,,,
abs,1/1/2021,W.P. Labuan,p5,5996.655,,,,,
abs,1/1/2021,W.P. Labuan,p6,39.372,,,,,
abs,1/1/2022,Johor,p0,142369.692,,,,,
abs,1/1/2022,Johor,p1,17402.664,,,,,
abs,1/1/2022,Johor,p2,648.636,,,,,
abs,1/1/2022,Johor,p3,42948.216,,,,,
abs,1/1/2022,Johor,p4,3962.15,,,,,
abs,1/1/2022,Johor,p5,75875.363,,,,,
abs,1/1/2022,Johor,p6,1532.664,,,,,
abs,1/1/2022,Kedah,p0,50982.123,,,,,
abs,1/1/2022,Kedah,p1,5687.965,,,,,
abs,1/1/2022,Kedah,p2,114.256,,,,,
abs,1/1/2022,Kedah,p3,15633.475,,,,,
abs,1/1/2022,Kedah,p4,1205.493,,,,,
abs,1/1/2022,Kedah,p5,27992.38,,,,,
abs,1/1/2022,Kedah,p6,348.554,,,,,
abs,1/1/2022,Kelantan,p0,26934.566,,,,,
abs,1/1/2022,Kelantan,p1,5640.233,,,,,
abs,1/1/2022,Kelantan,p2,392.951,,,,,
abs,1/1/2022,Kelantan,p3,1298.632,,,,,
abs,1/1/2022,Kelantan,p4,479.777,,,,,
abs,1/1/2022,Kelantan,p5,19077.743,,,,,
abs,1/1/2022,Kelantan,p6,45.229,,,,,
abs,1/1/2022,Melaka,p0,45579.035,,,,,
abs,1/1/2022,Melaka,p1,4544.829,,,,,
abs,1/1/2022,Melaka,p2,61.137,,,,,
abs,1/1/2022,Melaka,p3,16904.765,,,,,
abs,1/1/2022,Melaka,p4,942.579,,,,,
abs,1/1/2022,Melaka,p5,23058.978,,,,,
abs,1/1/2022,Melaka,p6,66.747,,,,,
abs,1/1/2022,Negeri Sembilan,p0,50939.264,,,,,
abs,1/1/2022,Negeri Sembilan,p1,3321.034,,,,,
abs,1/1/2022,Negeri Sembilan,p2,206.612,,,,,
abs,1/1/2022,Negeri Sembilan,p3,19394.015,,,,,
abs,1/1/2022,Negeri Sembilan,p4,1444.138,,,,,
abs,1/1/2022,Negeri Sembilan,p5,26255.402,,,,,
abs,1/1/2022,Negeri Sembilan,p6,318.062,,,,,
abs,1/1/2022,Pahang,p0,61746.204,,,,,
abs,1/1/2022,Pahang,p1,13887.161,,,,,
abs,1/1/2022,Pahang,p2,571.949,,,,,
abs,1/1/2022,Pahang,p3,13745.04,,,,,
abs,1/1/2022,Pahang,p4,1584.062,,,,,
abs,1/1/2022,Pahang,p5,31906.849,,,,,
abs,1/1/2022,Pahang,p6,51.142,,,,,
abs,1/1/2022,Perak,p0,80426.886,,,,,
abs,1/1/2022,Perak,p1,11466.447,,,,,
abs,1/1/2022,Perak,p2,449.423,,,,,
abs,1/1/2022,Perak,p3,15606.298,,,,,
abs,1/1/2022,Perak,p4,2036.458,,,,,
abs,1/1/2022,Perak,p5,50816.522,,,,,
abs,1/1/2022,Perak,p6,51.737,,,,,
abs,1/1/2022,Perlis,p0,6209.957,,,,,
abs,1/1/2022,Perlis,p1,1058.373,,,,,
abs,1/1/2022,Perlis,p2,31.391,,,,,
abs,1/1/2022,Perlis,p3,489.059,,,,,
abs,1/1/2022,Perlis,p4,152.461,,,,,
abs,1/1/2022,Perlis,p5,4350.08,,,,,
abs,1/1/2022,Perlis,p6,128.592,,,,,
abs,1/1/2022,Pulau Pinang,p0,112281.052,,,,,
abs,1/1/2022,Pulau Pinang,p1,2094.675,,,,,
abs,1/1/2022,Pulau Pinang,p2,143.903,,,,,
abs,1/1/2022,Pulau Pinang,p3,54187.835,,,,,
abs,1/1/2022,Pulau Pinang,p4,2721.224,,,,,
abs,1/1/2022,Pulau Pinang,p5,52490.218,,,,,
abs,1/1/2022,Pulau Pinang,p6,643.197,,,,,
abs,1/1/2022,Sabah,p0,82106.428,,,,,
abs,1/1/2022,Sabah,p1,12543.031,,,,,
abs,1/1/2022,Sabah,p2,20454.838,,,,,
abs,1/1/2022,Sabah,p3,5780.032,,,,,
abs,1/1/2022,Sabah,p4,2514.425,,,,,
abs,1/1/2022,Sabah,p5,40544.43,,,,,
abs,1/1/2022,Sabah,p6,269.672,,,,,
abs,1/1/2022,Sarawak,p0,140698.831,,,,,
abs,1/1/2022,Sarawak,p1,14727.061,,,,,
abs,1/1/2022,Sarawak,p2,29911.17,,,,,
abs,1/1/2022,Sarawak,p3,39229.048,,,,,
abs,1/1/2022,Sarawak,p4,4671.277,,,,,
abs,1/1/2022,Sarawak,p5,51732.671,,,,,
abs,1/1/2022,Sarawak,p6,427.604,,,,,
abs,1/1/2022,Selangor,p0,385158.798,,,,,
abs,1/1/2022,Selangor,p1,4925.552,,,,,
abs,1/1/2022,Selangor,p2,796.664,,,,,
abs,1/1/2022,Selangor,p3,117172.055,,,,,
abs,1/1/2022,Selangor,p4,18208.686,,,,,
abs,1/1/2022,Selangor,p5,233372.832,,,,,
abs,1/1/2022,Selangor,p6,10683.01,,,,,
abs,1/1/2022,Terengganu,p0,37353.84,,,,,
abs,1/1/2022,Terengganu,p1,2659.501,,,,,
abs,1/1/2022,Terengganu,p2,197.155,,,,,
abs,1/1/2022,Terengganu,p3,14061.235,,,,,
abs,1/1/2022,Terengganu,p4,1143.569,,,,,
abs,1/1/2022,Terengganu,p5,19284.074,,,,,
abs,1/1/2022,Terengganu,p6,8.308,,,,,
abs,1/1/2022,W.P. Kuala Lumpur,p0,240517.538,,,,,
abs,1/1/2022,W.P. Kuala Lumpur,p1,0,,,,,
abs,1/1/2022,W.P. Kuala Lumpur,p2,147.775,,,,,
abs,1/1/2022,W.P. Kuala Lumpur,p3,6297.152,,,,,
abs,1/1/2022,W.P. Kuala Lumpur,p4,12212.196,,,,,
abs,1/1/2022,W.P. Kuala Lumpur,p5,219683.46,,,,,
abs,1/1/2022,W.P. Kuala Lumpur,p6,2175.199,,,,,
abs,1/1/2022,W.P. Labuan,p0,7962.511,,,,,
abs,1/1/2022,W.P. Labuan,p1,122.137,,,,,
abs,1/1/2022,W.P. Labuan,p2,0,,,,,
abs,1/1/2022,W.P. Labuan,p3,1376.733,,,,,
abs,1/1/2022,W.P. Labuan,p4,147.96,,,,,
abs,1/1/2022,W.P. Labuan,p5,6281.577,,,,,
abs,1/1/2022,W.P. Labuan,p6,34.104,,,,,
abs,1/1/2023,Johor,p0,148204.766,,,,,
abs,1/1/2023,Johor,p1,17205.216,,,,,
abs,1/1/2023,Johor,p2,691.086,,,,,
abs,1/1/2023,Johor,p3,44165.268,,,,,
abs,1/1/2023,Johor,p4,4484.893,,,,,
abs,1/1/2023,Johor,p5,79960.534,,,,,
abs,1/1/2023,Johor,p6,1697.769,,,,,
abs,1/1/2023,Kedah,p0,51782.054,,,,,
abs,1/1/2023,Kedah,p1,5527.501,,,,,
abs,1/1/2023,Kedah,p2,121.952,,,,,
abs,1/1/2023,Kedah,p3,15137.514,,,,,
abs,1/1/2023,Kedah,p4,1576.896,,,,,
abs,1/1/2023,Kedah,p5,29115.645,,,,,
abs,1/1/2023,Kedah,p6,302.547,,,,,
abs,1/1/2023,Kelantan,p0,27647.952,,,,,
abs,1/1/2023,Kelantan,p1,5609.939,,,,,
abs,1/1/2023,Kelantan,p2,424.836,,,,,
abs,1/1/2023,Kelantan,p3,1265.084,,,,,
abs,1/1/2023,Kelantan,p4,511.92,,,,,
abs,1/1/2023,Kelantan,p5,19799.217,,,,,
abs,1/1/2023,Kelantan,p6,36.957,,,,,
abs,1/1/2023,Melaka,p0,46933.449,,,,,
abs,1/1/2023,Melaka,p1,4838.454,,,,,
abs,1/1/2023,Melaka,p2,64.889,,,,,
abs,1/1/2023,Melaka,p3,16951.271,,,,,
abs,1/1/2023,Melaka,p4,996.003,,,,,
abs,1/1/2023,Melaka,p5,24017.86,,,,,
abs,1/1/2023,Melaka,p6,64.971,,,,,
abs,1/1/2023,Negeri Sembilan,p0,51864.043,,,,,
abs,1/1/2023,Negeri Sembilan,p1,3156.776,,,,,
abs,1/1/2023,Negeri Sembilan,p2,224.402,,,,,
abs,1/1/2023,Negeri Sembilan,p3,19627.523,,,,,
abs,1/1/2023,Negeri Sembilan,p4,1322.75,,,,,
abs,1/1/2023,Negeri Sembilan,p5,27435.109,,,,,
abs,1/1/2023,Negeri Sembilan,p6,97.482,,,,,
abs,1/1/2023,Pahang,p0,64941.717,,,,,
abs,1/1/2023,Pahang,p1,14232.855,,,,,
abs,1/1/2023,Pahang,p2,626.959,,,,,
abs,1/1/2023,Pahang,p3,14038.951,,,,,
abs,1/1/2023,Pahang,p4,2171.957,,,,,
abs,1/1/2023,Pahang,p5,33833.324,,,,,
abs,1/1/2023,Pahang,p6,37.671,,,,,
abs,1/1/2023,Perak,p0,82558.744,,,,,
abs,1/1/2023,Perak,p1,11682.179,,,,,
abs,1/1/2023,Perak,p2,486.814,,,,,
abs,1/1/2023,Perak,p3,15951.746,,,,,
abs,1/1/2023,Perak,p4,2032.742,,,,,
abs,1/1/2023,Perak,p5,52345.472,,,,,
abs,1/1/2023,Perak,p6,59.791,,,,,
abs,1/1/2023,Perlis,p0,6343.178,,,,,
abs,1/1/2023,Perlis,p1,1101.382,,,,,
abs,1/1/2023,Perlis,p2,33.013,,,,,
abs,1/1/2023,Perlis,p3,484.303,,,,,
abs,1/1/2023,Perlis,p4,158.567,,,,,
abs,1/1/2023,Perlis,p5,4451.576,,,,,
abs,1/1/2023,Perlis,p6,114.338,,,,,
abs,1/1/2023,Pulau Pinang,p0,115956.997,,,,,
abs,1/1/2023,Pulau Pinang,p1,2230.697,,,,,
abs,1/1/2023,Pulau Pinang,p2,153.618,,,,,
abs,1/1/2023,Pulau Pinang,p3,53893.41,,,,,
abs,1/1/2023,Pulau Pinang,p4,3363.574,,,,,
abs,1/1/2023,Pulau Pinang,p5,55657.576,,,,,
abs,1/1/2023,Pulau Pinang,p6,658.123,,,,,
abs,1/1/2023,Sabah,p0,83196.915,,,,,
abs,1/1/2023,Sabah,p1,12649.256,,,,,
abs,1/1/2023,Sabah,p2,19389.615,,,,,
abs,1/1/2023,Sabah,p3,6032.934,,,,,
abs,1/1/2023,Sabah,p4,2486.354,,,,,
abs,1/1/2023,Sabah,p5,42375.969,,,,,
abs,1/1/2023,Sabah,p6,262.788,,,,,
abs,1/1/2023,Sarawak,p0,142351.83,,,,,
abs,1/1/2023,Sarawak,p1,15028.88,,,,,
abs,1/1/2023,Sarawak,p2,29605.348,,,,,
abs,1/1/2023,Sarawak,p3,37695.875,,,,,
abs,1/1/2023,Sarawak,p4,5059.113,,,,,
abs,1/1/2023,Sarawak,p5,54543.192,,,,,
abs,1/1/2023,Sarawak,p6,419.421,,,,,
abs,1/1/2023,Selangor,p0,406071.453,,,,,
abs,1/1/2023,Selangor,p1,4564.477,,,,,
abs,1/1/2023,Selangor,p2,827.027,,,,,
abs,1/1/2023,Selangor,p3,119571.527,,,,,
abs,1/1/2023,Selangor,p4,20060.19,,,,,
abs,1/1/2023,Selangor,p5,247683.629,,,,,
abs,1/1/2023,Selangor,p6,13364.603,,,,,
abs,1/1/2023,Terengganu,p0,38201.414,,,,,
abs,1/1/2023,Terengganu,p1,2857.034,,,,,
abs,1/1/2023,Terengganu,p2,207.689,,,,,
abs,1/1/2023,Terengganu,p3,14083.591,,,,,
abs,1/1/2023,Terengganu,p4,1161.791,,,,,
abs,1/1/2023,Terengganu,p5,19876.587,,,,,
abs,1/1/2023,Terengganu,p6,14.723,,,,,
abs,1/1/2023,W.P. Kuala Lumpur,p0,249301.544,,,,,
abs,1/1/2023,W.P. Kuala Lumpur,p1,0,,,,,
abs,1/1/2023,W.P. Kuala Lumpur,p2,152.658,,,,,
abs,1/1/2023,W.P. Kuala Lumpur,p3,6412.314,,,,,
abs,1/1/2023,W.P. Kuala Lumpur,p4,11121.63,,,,,
abs,1/1/2023,W.P. Kuala Lumpur,p5,230391.822,,,,,
abs,1/1/2023,W.P. Kuala Lumpur,p6,1221.887,,,,,
abs,1/1/2023,W.P. Labuan,p0,8115.199,,,,,
abs,1/1/2023,W.P. Labuan,p1,126.045,,,,,
abs,1/1/2023,W.P. Labuan,p2,0,,,,,
abs,1/1/2023,W.P. Labuan,p3,1382.377,,,,,
abs,1/1/2023,W.P. Labuan,p4,150.551,,,,,
abs,1/1/2023,W.P. Labuan,p5,6416.974,,,,,
abs,1/1/2023,W.P. Labuan,p6,39.252,,,,,
,,,,,,,,,
,,,,,,,,,
,,,,,,,,,
,,,,,,,,,
,,,,,,,,,
,,,,,,,,,
,,,,,,,,,
,,,,,,,,,
,,,,,,,,,
,,,,,,,,,
,,,,,,,,,
,,,,,,,,,
,,,,,,,,,
,,,,,,,,,
,,,,,,,,,
,,,,,,,,,
,,,,,,,,,
,,,,,,,,,
,,,,,,,,,
,,,,,,,,,
,,,,,,,,,
,,,,,,,,,
,,,,,,,,,
,,,,,,,,,
,,,,,,,,,
,,,,,,,,,
,,,,,,,,,
,,,,,,,,,
,,,,,,,,,
,,,,,,,,,
,,,,,,,,,
,,,,,,,,,
,,,,,,,,,
,,,,,,,,,
,,,,,,,,,
,,,,,,,,,
,,,,,,,,,
,,,,,,,,,
,,,,,,,,,
,,,,,,,,,
,,,,,,,,,
,,,,,,,,,
,,,,,,,,,
,,,,,,,,,
,,,,,,,,,
,,,,,,,,,
,,,,,,,,,
,,,,,,,,,
,,,,,,,,,
,,,,,,,,,
,,,,,,,,,
,,,,,,,,,
,,,,,,,,,
,,,,,,,,,
,,,,,,,,,
,,,,,,,,,
,,,,,,,,,
,,,,,,,,,
,,,,,,,,,
,,,,,,,,,
,,,,,,,,,
,,,,,,,,,
,,,,,,,,,
,,,,,,,,,
,,,,,,,,,
,,,,,,,,,
,,,,,,,,,
,,,,,,,,,
,,,,,,,,,
,,,,,,,,,
,,,,,,,,,
,,,,,,,,,
,,,,,,,,,
,,,,,,,,,
,,,,,,,,,
,,,,,,,,,
,,,,,,,,,
,,,,,,,,,
,,,,,,,,,
,,,,,,,,,
,,,,,,,,,
,,,,,,,,,
,,,,,,,,,
,,,,,,,,,
,,,,,,,,,
,,,,,,,,,
,,,,,,,,,
,,,,,,,,,
,,,,,,,,,
,,,,,,,,,
,,,,,,,,,
,,,,,,,,,
,,,,,,,,,
,,,,,,,,,
,,,,,,,,,
,,,,,,,,,
,,,,,,,,,
,,,,,,,,,
,,,,,,,,,
,,,,,,,,,
,,,,,,,,,
,,,,,,,,,
,,,,,,,,,
,,,,,,,,,
,,,,,,,,,
,,,,,,,,,
,,,,,,,,,
,,,,,,,,,
,,,,,,,,,
,,,,,,,,,
,,,,,,,,,
,,,,,,,,,
,,,,,,,,,
,,,,,,,,,
,,,,,,,,,
,,,,,,,,,
,,,,,,,,,
,,,,,,,,,
,,,,,,,,,
,,,,,,,,,
,,,,,,,,,
,,,,,,,,,
,,,,,,,,,
,,,,,,,,,
,,,,,,,,,
,,,,,,,,,
,,,,,,,,,
,,,,,,,,,
,,,,,,,,,
,,,,,,,,,
,,,,,,,,,
,,,,,,,,,
,,,,,,,,,
,,,,,,,,,
,,,,,,,,,
,,,,,,,,,
,,,,,,,,,
,,,,,,,,,
,,,,,,,,,
,,,,,,,,,
,,,,,,,,,
,,,,,,,,,
,,,,,,,,,
,,,,,,,,,
,,,,,,,,,
,,,,,,,,,
,,,,,,,,,
,,,,,,,,,
,,,,,,,,,
,,,,,,,,,
,,,,,,,,,
,,,,,,,,,
,,,,,,,,,
,,,,,,,,,
,,,,,,,,,
,,,,,,,,,
,,,,,,,,,
,,,,,,,,,
,,,,,,,,,
,,,,,,,,,
,,,,,,,,,
,,,,,,,,,
,,,,,,,,,
,,,,,,,,,
,,,,,,,,,
,,,,,,,,,
,,,,,,,,,
,,,,,,,,,
,,,,,,,,,
,,,,,,,,,
,,,,,,,,,
,,,,,,,,,
,,,,,,,,,
,,,,,,,,,
,,,,,,,,,
,,,,,,,,,
,,,,,,,,,
,,,,,,,,,
,,,,,,,,,
,,,,,,,,,
,,,,,,,,,
,,,,,,,,,
,,,,,,,,,
,,,,,,,,,
,,,,,,,,,
,,,,,,,,,
,,,,,,,,,
,,,,,,,,,
,,,,,,,,,
,,,,,,,,,
,,,,,,,,,
,,,,,,,,,
,,,,,,,,,
,,,,,,,,,
,,,,,,,,,
,,,,,,,,,
,,,,,,,,,
,,,,,,,,,
,,,,,,,,,
,,,,,,,,,
,,,,,,,,,
,,,,,,,,,
,,,,,,,,,
,,,,,,,,,
,,,,,,,,,
,,,,,,,,,
,,,,,,,,,
,,,,,,,,,
,,,,,,,,,
,,,,,,,,,
,,,,,,,,,
,,,,,,,,,
,,,,,,,,,
,,,,,,,,,
,,,,,,,,,
,,,,,,,,,
,,,,,,,,,
,,,,,,,,,
,,,,,,,,,
,,,,,,,,,
,,,,,,,,,
,,,,,,,,,
,,,,,,,,,
,,,,,,,,,
,,,,,,,,,
,,,,,,,,,
,,,,,,,,,
,,,,,,,,,
,,,,,,,,,
,,,,,,,,,
,,,,,,,,,
,,,,,,,,,
,,,,,,,,,
,,,,,,,,,
,,,,,,,,,
,,,,,,,,,
,,,,,,,,,
,,,,,,,,,
,,,,,,,,,
,,,,,,,,,
,,,,,,,,,
,,,,,,,,,
,,,,,,,,,
,,,,,,,,,
,,,,,,,,,
,,,,,,,,,
,,,,,,,,,
,,,,,,,,,
,,,,,,,,,
,,,,,,,,,
,,,,,,,,,
,,,,,,,,,
,,,,,,,,,
,,,,,,,,,
,,,,,,,,,
,,,,,,,,,
,,,,,,,,,
,,,,,,,,,
,,,,,,,,,
,,,,,,,,,
,,,,,,,,,
,,,,,,,,,
,,,,,,,,,
,,,,,,,,,
,,,,,,,,,
,,,,,,,,,
,,,,,,,,,
,,,,,,,,,
,,,,,,,,,
,,,,,,,,,
,,,,,,,,,
,,,,,,,,,
,,,,,,,,,
,,,,,,,,,
,,,,,,,,,
,,,,,,,,,
,,,,,,,,,
,,,,,,,,,
,,,,,,,,,
,,,,,,,,,
,,,,,,,,,
,,,,,,,,,
,,,,,,,,,
,,,,,,,,,
,,,,,,,,,
,,,,,,,,,
,,,,,,,,,
,,,,,,,,,
,,,,,,,,,
,,,,,,,,,
,,,,,,,,,
,,,,,,,,,
,,,,,,,,,
,,,,,,,,,
,,,,,,,,,
,,,,,,,,,
,,,,,,,,,
,,,,,,,,,
,,,,,,,,,
,,,,,,,,,
,,,,,,,,,
,,,,,,,,,
,,,,,,,,,
,,,,,,,,,
,,,,,,,,,
,,,,,,,,,
,,,,,,,,,
,,,,,,,,,
,,,,,,,,,
,,,,,,,,,
,,,,,,,,,
,,,,,,,,,
,,,,,,,,,
,,,,,,,,,
,,,,,,,,,
,,,,,,,,,
,,,,,,,,,
,,,,,,,,,
,,,,,,,,,
,,,,,,,,,
,,,,,,,,,
,,,,,,,,,
,,,,,,,,,
,,,,,,,,,
,,,,,,,,,
,,,,,,,,,
,,,,,,,,,
,,,,,,,,,
,,,,,,,,,
,,,,,,,,,
,,,,,,,,,
,,,,,,,,,
,,,,,,,,,
,,,,,,,,,
,,,,,,,,,
,,,,,,,,,
,,,,,,,,,
,,,,,,,,,
,,,,,,,,,
,,,,,,,,,
,,,,,,,,,
,,,,,,,,,
,,,,,,,,,
,,,,,,,,,
,,,,,,,,,
,,,,,,,,,
,,,,,,,,,
,,,,,,,,,
,,,,,,,,,
,,,,,,,,,
,,,,,,,,,
,,,,,,,,,
,,,,,,,,,
,,,,,,,,,
,,,,,,,,,
,,,,,,,,,
,,,,,,,,,
,,,,,,,,,
,,,,,,,,,
,,,,,,,,,
,,,,,,,,,
,,,,,,,,,
,,,,,,,,,
,,,,,,,,,
,,,,,,,,,
,,,,,,,,,
,,,,,,,,,
,,,,,,,,,
,,,,,,,,,
,,,,,,,,,
,,,,,,,,,
,,,,,,,,,
,,,,,,,,,
,,,,,,,,,
,,,,,,,,,
,,,,,,,,,
,,,,,,,,,
,,,,,,,,,
,,,,,,,,,
,,,,,,,,,
,,,,,,,,,
,,,,,,,,,
,,,,,,,,,
,,,,,,,,,
,,,,,,,,,
,,,,,,,,,
,,,,,,,,,
,,,,,,,,,
,,,,,,,,,
,,,,,,,,,
,,,,,,,,,
,,,,,,,,,
,,,,,,,,,
,,,,,,,,,
,,,,,,,,,
,,,,,,,,,
,,,,,,,,,
,,,,,,,,,
,,,,,,,,,
,,,,,,,,,
,,,,,,,,,
,,,,,,,,,
,,,,,,,,,
,,,,,,,,,
,,,,,,,,,
,,,,,,,,,
,,,,,,,,,
,,,,,,,,,
,,,,,,,,,
,,,,,,,,,
,,,,,,,,,
,,,,,,,,,
,,,,,,,,,
,,,,,,,,,
,,,,,,,,,
,,,,,,,,,
,,,,,,,,,
,,,,,,,,,
,,,,,,,,,
,,,,,,,,,
,,,,,,,,,
,,,,,,,,,
,,,,,,,,,
,,,,,,,,,
,,,,,,,,,
,,,,,,,,,
,,,,,,,,,
,,,,,,,,,
,,,,,,,,,
,,,,,,,,,
,,,,,,,,,
,,,,,,,,,
,,,,,,,,,
,,,,,,,,,
,,,,,,,,,
,,,,,,,,,
,,,,,,,,,
,,,,,,,,,
,,,,,,,,,
,,,,,,,,,
,,,,,,,,,
,,,,,,,,,
,,,,,,,,,
,,,,,,,,,
,,,,,,,,,
,,,,,,,,,
,,,,,,,,,
,,,,,,,,,
,,,,,,,,,
,,,,,,,,,
,,,,,,,,,
,,,,,,,,,
,,,,,,,,,
,,,,,,,,,
,,,,,,,,,
,,,,,,,,,
,,,,,,,,,
,,,,,,,,,
,,,,,,,,,
,,,,,,,,,
,,,,,,,,,
,,,,,,,,,
,,,,,,,,,
,,,,,,,,,
,,,,,,,,,
,,,,,,,,,
,,,,,,,,,
,,,,,,,,,
,,,,,,,,,
,,,,,,,,,
,,,,,,,,,
,,,,,,,,,
,,,,,,,,,
,,,,,,,,,
,,,,,,,,,
,,,,,,,,,
,,,,,,,,,
,,,,,,,,,
,,,,,,,,,
,,,,,,,,,
,,,,,,,,,
,,,,,,,,,
,,,,,,,,,
,,,,,,,,,
,,,,,,,,,
,,,,,,,,,
,,,,,,,,,
,,,,,,,,,
,,,,,,,,,
,,,,,,,,,
,,,,,,,,,
,,,,,,,,,
,,,,,,,,,
,,,,,,,,,
,,,,,,,,,
,,,,,,,,,
,,,,,,,,,
,,,,,,,,,
,,,,,,,,,
,,,,,,,,,
,,,,,,,,,
,,,,,,,,,
,,,,,,,,,
,,,,,,,,,
,,,,,,,,,
,,,,,,,,,
,,,,,,,,,
,,,,,,,,,
,,,,,,,,,
,,,,,,,,,
,,,,,,,,,
,,,,,,,,,
,,,,,,,,,
,,,,,,,,,
,,,,,,,,,
,,,,,,,,,
,,,,,,,,,
,,,,,,,,,
,,,,,,,,,
,,,,,,,,,
,,,,,,,,,
,,,,,,,,,
,,,,,,,,,
,,,,,,,,,
,,,,,,,,,
,,,,,,,,,
,,,,,,,,,
,,,,,,,,,
,,,,,,,,,
,,,,,,,,,
,,,,,,,,,
,,,,,,,,,
,,,,,,,,,
,,,,,,,,,
,,,,,,,,,
,,,,,,,,,
,,,,,,,,,
,,,,,,,,,
,,,,,,,,,
,,,,,,,,,
,,,,,,,,,
,,,,,,,,,
,,,,,,,,,
,,,,,,,,,
,,,,,,,,,
,,,,,,,,,
,,,,,,,,,
,,,,,,,,,
,,,,,,,,,
,,,,,,,,,
,,,,,,,,,
,,,,,,,,,
,,,,,,,,,
,,,,,,,,,
,,,,,,,,,
,,,,,,,,,
,,,,,,,,,
,,,,,,,,,
,,,,,,,,,
,,,,,,,,,
,,,,,,,,,
,,,,,,,,,
,,,,,,,,,
,,,,,,,,,
,,,,,,,,,
,,,,,,,,,
,,,,,,,,,
,,,,,,,,,
,,,,,,,,,
,,,,,,,,,
,,,,,,,,,
,,,,,,,,,
,,,,,,,,,
,,,,,,,,,
,,,,,,,,,
,,,,,,,,,
,,,,,,,,,
,,,,,,,,,
,,,,,,,,,
,,,,,,,,,
,,,,,,,,,
,,,,,,,,,
,,,,,,,,,
,,,,,,,,,
,,,,,,,,,
,,,,,,,,,
,,,,,,,,,
,,,,,,,,,
,,,,,,,,,
,,,,,,,,,
,,,,,,,,,
,,,,,,,,,
,,,,,,,,,
,,,,,,,,,
,,,,,,,,,
,,,,,,,,,
,,,,,,,,,
,,,,,,,,,
,,,,,,,,,
,,,,,,,,,
,,,,,,,,,
,,,,,,,,,
,,,,,,,,,
,,,,,,,,,
,,,,,,,,,
,,,,,,,,,
,,,,,,,,,
,,,,,,,,,
,,,,,,,,,
,,,,,,,,,
,,,,,,,,,
,,,,,,,,,
,,,,,,,,,
,,,,,,,,,
,,,,,,,,,
,,,,,,,,,
,,,,,,,,,
,,,,,,,,,
,,,,,,,,,
,,,,,,,,,
,,,,,,,,,
,,,,,,,,,
,,,,,,,,,
,,,,,,,,,
,,,,,,,,,
,,,,,,,,,
,,,,,,,,,
,,,,,,,,,
,,,,,,,,,
,,,,,,,,,
,,,,,,,,,
,,,,,,,,,
,,,,,,,,,
,,,,,,,,,
,,,,,,,,,
,,,,,,,,,
,,,,,,,,,
,,,,,,,,,
,,,,,,,,,
,,,,,,,,,
,,,,,,,,,
,,,,,,,,,
,,,,,,,,,
,,,,,,,,,
,,,,,,,,,
,,,,,,,,,
,,,,,,,,,
,,,,,,,,,
,,,,,,,,,
,,,,,,,,,
,,,,,,,,,
,,,,,,,,,
,,,,,,,,,
,,,,,,,,,
,,,,,,,,,
,,,,,,,,,
,,,,,,,,,
,,,,,,,,,
,,,,,,,,,
,,,,,,,,,
,,,,,,,,,
,,,,,,,,,
,,,,,,,,,
,,,,,,,,,
,,,,,,,,,
,,,,,,,,,
,,,,,,,,,
,,,,,,,,,
,,,,,,,,,
,,,,,,,,,
,,,,,,,,,
,,,,,,,,,
,,,,,,,,,
,,,,,,,,,
,,,,,,,,,
,,,,,,,,,
,,,,,,,,,
,,,,,,,,,
,,,,,,,,,
,,,,,,,,,
,,,,,,,,,
,,,,,,,,,
,,,,,,,,,
,,,,,,,,,
,,,,,,,,,
,,,,,,,,,
,,,,,,,,,
,,,,,,,,,
,,,,,,,,,
,,,,,,,,,
,,,,,,,,,
,,,,,,,,,
,,,,,,,,,
,,,,,,,,,
,,,,,,,,,
,,,,,,,,,
,,,,,,,,,
,,,,,,,,,
,,,,,,,,,
,,,,,,,,,
,,,,,,,,,
,,,,,,,,,
,,,,,,,,,
,,,,,,,,,
,,,,,,,,,
,,,,,,,,,
,,,,,,,,,
,,,,,,,,,
,,,,,,,,,
,,,,,,,,,
,,,,,,,,,
,,,,,,,,,
,,,,,,,,,
,,,,,,,,,
,,,,,,,,,
,,,,,,,,,
,,,,,,,,,
,,,,,,,,,
,,,,,,,,,
,,,,,,,,,
,,,,,,,,,
,,,,,,,,,
,,,,,,,,,
,,,,,,,,,
,,,,,,,,,
,,,,,,,,,
,,,,,,,,,
,,,,,,,,,
,,,,,,,,,
,,,,,,,,,
,,,,,,,,,
,,,,,,,,,
,,,,,,,,,
,,,,,,,,,
,,,,,,,,,
,,,,,,,,,
,,,,,,,,,
,,,,,,,,,
,,,,,,,,,
,,,,,,,,,
,,,,,,,,,
,,,,,,,,,
,,,,,,,,,
,,,,,,,,,
,,,,,,,,,
,,,,,,,,,
,,,,,,,,,
,,,,,,,,,
,,,,,,,,,
,,,,,,,,,
,,,,,,,,,
,,,,,,,,,
,,,,,,,,,
,,,,,,,,,
,,,,,,,,,
,,,,,,,,,
,,,,,,,,,
,,,,,,,,,
,,,,,,,,,
,,,,,,,,,
,,,,,,,,,
,,,,,,,,,
,,,,,,,,,
,,,,,,,,,
,,,,,,,,,
,,,,,,,,,
,,,,,,,,,
,,,,,,,,,
,,,,,,,,,
,,,,,,,,,
,,,,,,,,,
,,,,,,,,,
,,,,,,,,,
,,,,,,,,,
,,,,,,,,,
,,,,,,,,,
,,,,,,,,,
,,,,,,,,,
,,,,,,,,,
,,,,,,,,,
,,,,,,,,,
,,,,,,,,,
,,,,,,,,,
,,,,,,,,,
,,,,,,,,,
,,,,,,,,,
,,,,,,,,,
,,,,,,,,,
,,,,,,,,,
,,,,,,,,,
,,,,,,,,,
,,,,,,,,,
,,,,,,,,,
,,,,,,,,,
,,,,,,,,,
,,,,,,,,,
,,,,,,,,,
,,,,,,,,,
,,,,,,,,,
,,,,,,,,,
,,,,,,,,,
,,,,,,,,,
,,,,,,,,,
,,,,,,,,,
,,,,,,,,,
,,,,,,,,,
,,,,,,,,,
,,,,,,,,,
,,,,,,,,,
,,,,,,,,,
,,,,,,,,,
,,,,,,,,,
,,,,,,,,,
,,,,,,,,,
,,,,,,,,,
,,,,,,,,,
,,,,,,,,,
,,,,,,,,,
,,,,,,,,,
,,,,,,,,,
,,,,,,,,,
,,,,,,,,,
,,,,,,,,,
,,,,,,,,,
,,,,,,,,,
,,,,,,,,,
,,,,,,,,,
,,,,,,,,,
,,,,,,,,,
,,,,,,,,,
,,,,,,,,,
,,,,,,,,,
,,,,,,,,,
,,,,,,,,,
,,,,,,,,,
,,,,,,,,,
,,,,,,,,,
,,,,,,,,,
,,,,,,,,,
,,,,,,,,,
,,,,,,,,,
,,,,,,,,,
,,,,,,,,,
,,,,,,,,,
,,,,,,,,,
,,,,,,,,,
,,,,,,,,,
,,,,,,,,,
,,,,,,,,,
,,,,,,,,,
,,,,,,,,,
,,,,,,,,,
,,,,,,,,,
,,,,,,,,,
,,,,,,,,,
,,,,,,,,,
,,,,,,,,,
,,,,,,,,,
,,,,,,,,,
,,,,,,,,,
,,,,,,,,,
,,,,,,,,,
,,,,,,,,,
,,,,,,,,,
,,,,,,,,,
,,,,,,,,,
,,,,,,,,,
,,,,,,,,,
,,,,,,,,,
,,,,,,,,,
,,,,,,,,,
,,,,,,,,,
,,,,,,,,,
,,,,,,,,,
,,,,,,,,,
,,,,,,,,,
,,,,,,,,,
,,,,,,,,,
,,,,,,,,,
,,,,,,,,,
,,,,,,,,,
,,,,,,,,,
,,,,,,,,,
,,,,,,,,,
,,,,,,,,,
,,,,,,,,,
,,,,,,,,,
,,,,,,,,,
,,,,,,,,,
,,,,,,,,,
,,,,,,,,,
,,,,,,,,,
,,,,,,,,,
,,,,,,,,,
,,,,,,,,,
,,,,,,,,,
,,,,,,,,,
,,,,,,,,,
,,,,,,,,,
,,,,,,,,,
,,,,,,,,,
,,,,,,,,,
,,,,,,,,,
,,,,,,,,,
,,,,,,,,,
,,,,,,,,,
,,,,,,,,,
,,,,,,,,,
,,,,,,,,,
,,,,,,,,,
,,,,,,,,,
,,,,,,,,,
,,,,,,,,,
,,,,,,,,,
,,,,,,,,,
,,,,,,,,,
,,,,,,,,,
,,,,,,,,,
,,,,,,,,,
,,,,,,,,,
,,,,,,,,,
,,,,,,,,,
,,,,,,,,,
,,,,,,,,,
,,,,,,,,,
,,,,,,,,,
,,,,,,,,,
,,,,,,,,,
,,,,,,,,,
,,,,,,,,,
,,,,,,,,,
,,,,,,,,,
,,,,,,,,,
,,,,,,,,,
,,,,,,,,,
,,,,,,,,,
,,,,,,,,,
,,,,,,,,,
,,,,,,,,,
,,,,,,,,,
,,,,,,,,,
,,,,,,,,,
,,,,,,,,,
,,,,,,,,,
,,,,,,,,,
,,,,,,,,,
,,,,,,,,,
,,,,,,,,,
,,,,,,,,,
,,,,,,,,,
,,,,,,,,,
,,,,,,,,,
,,,,,,,,,
,,,,,,,,,
,,,,,,,,,
,,,,,,,,,
,,,,,,,,,
,,,,,,,,,
,,,,,,,,,
