state,date,sex,age,ethnicity,population
Johor,1/1/2013,both,overall,overall,3474.4
Johor,1/1/2013,both,overall,bumi_malay,1832.8
Johor,1/1/2013,both,overall,bumi_other,57.5
Johor,1/1/2013,both,overall,chinese,1065.7
Johor,1/1/2013,both,overall,indian,224.2
Johor,1/1/2013,both,overall,other_citizen,16.1
Johor,1/1/2013,both,overall,other_noncitizen,278.5
Johor,1/1/2014,both,overall,overall,3559.8
Johor,1/1/2014,both,overall,bumi_malay,1858.7
Johor,1/1/2014,both,overall,bumi_other,58.3
Johor,1/1/2014,both,overall,chinese,1072.8
Johor,1/1/2014,both,overall,indian,227.6
Johor,1/1/2014,both,overall,other_citizen,17.2
Johor,1/1/2014,both,overall,other_noncitizen,325.1
Johor,1/1/2015,both,overall,overall,3610.3
Johor,1/1/2015,both,overall,bumi_malay,1886.5
Johor,1/1/2015,both,overall,bumi_other,59.3
Johor,1/1/2015,both,overall,chinese,1078.8
Johor,1/1/2015,both,overall,indian,230.8
Johor,1/1/2015,both,overall,other_citizen,18
Johor,1/1/2015,both,overall,other_noncitizen,336.8
Johor,1/1/2016,both,overall,overall,3651.8
Johor,1/1/2016,both,overall,bumi_malay,1908.6
Johor,1/1/2016,both,overall,bumi_other,59
Johor,1/1/2016,both,overall,chinese,1085.4
Johor,1/1/2016,both,overall,indian,232.5
Johor,1/1/2016,both,overall,other_citizen,18.4
Johor,1/1/2016,both,overall,other_noncitizen,347.4
Johor,1/1/2017,both,overall,overall,3697
Johor,1/1/2017,both,overall,bumi_malay,1937
Johor,1/1/2017,both,overall,bumi_other,60.9
Johor,1/1/2017,both,overall,chinese,1092.8
Johor,1/1/2017,both,overall,indian,235.6
Johor,1/1/2017,both,overall,other_citizen,18.6
Johor,1/1/2017,both,overall,other_noncitizen,352.5
Johor,1/1/2018,both,overall,overall,3749.4
Johor,1/1/2018,both,overall,bumi_malay,1971.3
Johor,1/1/2018,both,overall,bumi_other,64.5
Johor,1/1/2018,both,overall,chinese,1098.6
Johor,1/1/2018,both,overall,indian,239.1
Johor,1/1/2018,both,overall,other_citizen,18.6
Johor,1/1/2018,both,overall,other_noncitizen,357.2
Johor,1/1/2019,both,overall,overall,3761.2
Johor,1/1/2019,both,overall,bumi_malay,2005.5
Johor,1/1/2019,both,overall,bumi_other,68
Johor,1/1/2019,both,overall,chinese,1103.9
Johor,1/1/2019,both,overall,indian,241.8
Johor,1/1/2019,both,overall,other_citizen,18.5
Johor,1/1/2019,both,overall,other_noncitizen,323.8
Johor,1/1/2020,both,overall,overall,4009.7
Johor,1/1/2020,both,overall,bumi_malay,2158.4
Johor,1/1/2020,both,overall,bumi_other,60.8
Johor,1/1/2020,both,overall,chinese,1208.7
Johor,1/1/2020,both,overall,indian,244.3
Johor,1/1/2020,both,overall,other_citizen,18.4
Johor,1/1/2020,both,overall,other_noncitizen,319.2
Johor,1/1/2021,both,overall,overall,4020
Johor,1/1/2021,both,overall,bumi_malay,2188.7
Johor,1/1/2021,both,overall,bumi_other,57.5
Johor,1/1/2021,both,overall,chinese,1211.5
Johor,1/1/2021,both,overall,indian,244.9
Johor,1/1/2021,both,overall,other_citizen,18.8
Johor,1/1/2021,both,overall,other_noncitizen,298.7
Johor,1/1/2022,both,overall,overall,4028.3
Johor,1/1/2022,both,overall,bumi_malay,2208.6
Johor,1/1/2022,both,overall,bumi_other,58.3
Johor,1/1/2022,both,overall,chinese,1210.1
Johor,1/1/2022,both,overall,indian,244.7
Johor,1/1/2022,both,overall,other_citizen,19
Johor,1/1/2022,both,overall,other_noncitizen,287.6
Johor,1/1/2023,both,overall,overall,4107.2
Johor,1/1/2023,both,overall,bumi_malay,2233.8
Johor,1/1/2023,both,overall,bumi_other,59.3
Johor,1/1/2023,both,overall,chinese,1211.1
Johor,1/1/2023,both,overall,indian,245.8
Johor,1/1/2023,both,overall,other_citizen,19.3
Johor,1/1/2023,both,overall,other_noncitizen,337.9
Johor,1/1/2024,both,overall,overall,4186.3
Johor,1/1/2024,both,overall,bumi_malay,2258.7
Johor,1/1/2024,both,overall,bumi_other,60.4
Johor,1/1/2024,both,overall,chinese,1212.4
Johor,1/1/2024,both,overall,indian,247.2
Johor,1/1/2024,both,overall,other_citizen,19.6
Johor,1/1/2024,both,overall,other_noncitizen,387.9
Kedah,1/1/2013,both,overall,overall,2039.8
Kedah,1/1/2013,both,overall,bumi_malay,1533.5
Kedah,1/1/2013,both,overall,bumi_other,3.9
Kedah,1/1/2013,both,overall,chinese,257.3
Kedah,1/1/2013,both,overall,indian,138.3
Kedah,1/1/2013,both,overall,other_citizen,19.3
Kedah,1/1/2013,both,overall,other_noncitizen,87.5
Kedah,1/1/2014,both,overall,overall,2062.7
Kedah,1/1/2014,both,overall,bumi_malay,1558
Kedah,1/1/2014,both,overall,bumi_other,3
Kedah,1/1/2014,both,overall,chinese,257.2
Kedah,1/1/2014,both,overall,indian,138.9
Kedah,1/1/2014,both,overall,other_citizen,19.6
Kedah,1/1/2014,both,overall,other_noncitizen,85.6
Kedah,1/1/2015,both,overall,overall,2096.5
Kedah,1/1/2015,both,overall,bumi_malay,1583.5
Kedah,1/1/2015,both,overall,bumi_other,3.1
Kedah,1/1/2015,both,overall,chinese,257.6
Kedah,1/1/2015,both,overall,indian,140.2
Kedah,1/1/2015,both,overall,other_citizen,20.2
Kedah,1/1/2015,both,overall,other_noncitizen,91.9
Kedah,1/1/2016,both,overall,overall,2119.7
Kedah,1/1/2016,both,overall,bumi_malay,1603
Kedah,1/1/2016,both,overall,bumi_other,3.6
Kedah,1/1/2016,both,overall,chinese,257.3
Kedah,1/1/2016,both,overall,indian,140.5
Kedah,1/1/2016,both,overall,other_citizen,20.4
Kedah,1/1/2016,both,overall,other_noncitizen,94.4
Kedah,1/1/2017,both,overall,overall,2143.9
Kedah,1/1/2017,both,overall,bumi_malay,1625.4
Kedah,1/1/2017,both,overall,bumi_other,3.8
Kedah,1/1/2017,both,overall,chinese,256.5
Kedah,1/1/2017,both,overall,indian,141
Kedah,1/1/2017,both,overall,other_citizen,21.3
Kedah,1/1/2017,both,overall,other_noncitizen,95.9
Kedah,1/1/2018,both,overall,overall,2163
Kedah,1/1/2018,both,overall,bumi_malay,1643
Kedah,1/1/2018,both,overall,bumi_other,3.3
Kedah,1/1/2018,both,overall,chinese,257.8
Kedah,1/1/2018,both,overall,indian,140.9
Kedah,1/1/2018,both,overall,other_citizen,21.6
Kedah,1/1/2018,both,overall,other_noncitizen,96.4
Kedah,1/1/2019,both,overall,overall,2173.7
Kedah,1/1/2019,both,overall,bumi_malay,1661
Kedah,1/1/2019,both,overall,bumi_other,2.4
Kedah,1/1/2019,both,overall,chinese,259.1
Kedah,1/1/2019,both,overall,indian,140.8
Kedah,1/1/2019,both,overall,other_citizen,22
Kedah,1/1/2019,both,overall,other_noncitizen,88.2
Kedah,1/1/2020,both,overall,overall,2131.4
Kedah,1/1/2020,both,overall,bumi_malay,1624.8
Kedah,1/1/2020,both,overall,bumi_other,8
Kedah,1/1/2020,both,overall,chinese,250.6
Kedah,1/1/2020,both,overall,indian,129.1
Kedah,1/1/2020,both,overall,other_citizen,25.7
Kedah,1/1/2020,both,overall,other_noncitizen,93.3
Kedah,1/1/2021,both,overall,overall,2151.7
Kedah,1/1/2021,both,overall,bumi_malay,1653
Kedah,1/1/2021,both,overall,bumi_other,4.6
Kedah,1/1/2021,both,overall,chinese,250.6
Kedah,1/1/2021,both,overall,indian,129.1
Kedah,1/1/2021,both,overall,other_citizen,25.7
Kedah,1/1/2021,both,overall,other_noncitizen,88.8
Kedah,1/1/2022,both,overall,overall,2163.1
Kedah,1/1/2022,both,overall,bumi_malay,1665.5
Kedah,1/1/2022,both,overall,bumi_other,4.7
Kedah,1/1/2022,both,overall,chinese,249.5
Kedah,1/1/2022,both,overall,indian,128.6
Kedah,1/1/2022,both,overall,other_citizen,25.7
Kedah,1/1/2022,both,overall,other_noncitizen,89.1
Kedah,1/1/2023,both,overall,overall,2189.3
Kedah,1/1/2023,both,overall,bumi_malay,1682
Kedah,1/1/2023,both,overall,bumi_other,4.7
Kedah,1/1/2023,both,overall,chinese,248.6
Kedah,1/1/2023,both,overall,indian,128.6
Kedah,1/1/2023,both,overall,other_citizen,25.8
Kedah,1/1/2023,both,overall,other_noncitizen,99.6
Kedah,1/1/2024,both,overall,overall,2217.5
Kedah,1/1/2024,both,overall,bumi_malay,1697.9
Kedah,1/1/2024,both,overall,bumi_other,4.8
Kedah,1/1/2024,both,overall,chinese,247.7
Kedah,1/1/2024,both,overall,indian,128.5
Kedah,1/1/2024,both,overall,other_citizen,25.8
Kedah,1/1/2024,both,overall,other_noncitizen,112.8
Kelantan,1/1/2013,both,overall,overall,1683.5
Kelantan,1/1/2013,both,overall,bumi_malay,1553.8
Kelantan,1/1/2013,both,overall,bumi_other,18.7
Kelantan,1/1/2013,both,overall,chinese,53.1
Kelantan,1/1/2013,both,overall,indian,4.7
Kelantan,1/1/2013,both,overall,other_citizen,10.8
Kelantan,1/1/2013,both,overall,other_noncitizen,42.4
Kelantan,1/1/2014,both,overall,overall,1723.4
Kelantan,1/1/2014,both,overall,bumi_malay,1585.8
Kelantan,1/1/2014,both,overall,bumi_other,19.3
Kelantan,1/1/2014,both,overall,chinese,54
Kelantan,1/1/2014,both,overall,indian,4.8
Kelantan,1/1/2014,both,overall,other_citizen,11
Kelantan,1/1/2014,both,overall,other_noncitizen,48.7
Kelantan,1/1/2015,both,overall,overall,1760.6
Kelantan,1/1/2015,both,overall,bumi_malay,1620.2
Kelantan,1/1/2015,both,overall,bumi_other,19.5
Kelantan,1/1/2015,both,overall,chinese,54.7
Kelantan,1/1/2015,both,overall,indian,4.8
Kelantan,1/1/2015,both,overall,other_citizen,10.9
Kelantan,1/1/2015,both,overall,other_noncitizen,50.7
Kelantan,1/1/2016,both,overall,overall,1796.7
Kelantan,1/1/2016,both,overall,bumi_malay,1653.6
Kelantan,1/1/2016,both,overall,bumi_other,19.4
Kelantan,1/1/2016,both,overall,chinese,55.4
Kelantan,1/1/2016,both,overall,indian,4.8
Kelantan,1/1/2016,both,overall,other_citizen,11
Kelantan,1/1/2016,both,overall,other_noncitizen,52.4
Kelantan,1/1/2017,both,overall,overall,1829
Kelantan,1/1/2017,both,overall,bumi_malay,1683.4
Kelantan,1/1/2017,both,overall,bumi_other,20.6
Kelantan,1/1/2017,both,overall,chinese,55.8
Kelantan,1/1/2017,both,overall,indian,4.8
Kelantan,1/1/2017,both,overall,other_citizen,11.3
Kelantan,1/1/2017,both,overall,other_noncitizen,53.5
Kelantan,1/1/2018,both,overall,overall,1860.5
Kelantan,1/1/2018,both,overall,bumi_malay,1713.1
Kelantan,1/1/2018,both,overall,bumi_other,20.6
Kelantan,1/1/2018,both,overall,chinese,56.3
Kelantan,1/1/2018,both,overall,indian,4.8
Kelantan,1/1/2018,both,overall,other_citizen,11.4
Kelantan,1/1/2018,both,overall,other_noncitizen,54.2
Kelantan,1/1/2019,both,overall,overall,1883.8
Kelantan,1/1/2019,both,overall,bumi_malay,1740.4
Kelantan,1/1/2019,both,overall,bumi_other,20.9
Kelantan,1/1/2019,both,overall,chinese,56.8
Kelantan,1/1/2019,both,overall,indian,4.8
Kelantan,1/1/2019,both,overall,other_citizen,11.5
Kelantan,1/1/2019,both,overall,other_noncitizen,49.2
Kelantan,1/1/2021,both,overall,overall,1812.3
Kelantan,1/1/2021,both,overall,bumi_malay,1695
Kelantan,1/1/2021,both,overall,bumi_other,21.9
Kelantan,1/1/2021,both,overall,chinese,44.7
Kelantan,1/1/2021,both,overall,indian,4.8
Kelantan,1/1/2021,both,overall,other_citizen,11
Kelantan,1/1/2021,both,overall,other_noncitizen,35
Kelantan,1/1/2022,both,overall,overall,1830.6
Kelantan,1/1/2022,both,overall,bumi_malay,1714.1
Kelantan,1/1/2022,both,overall,bumi_other,22.2
Kelantan,1/1/2022,both,overall,chinese,44.5
Kelantan,1/1/2022,both,overall,indian,4.8
Kelantan,1/1/2022,both,overall,other_citizen,11
Kelantan,1/1/2022,both,overall,other_noncitizen,34.1
Kelantan,1/1/2023,both,overall,overall,1859.8
Kelantan,1/1/2023,both,overall,bumi_malay,1736.8
Kelantan,1/1/2023,both,overall,bumi_other,22.5
Kelantan,1/1/2023,both,overall,chinese,44.3
Kelantan,1/1/2023,both,overall,indian,4.8
Kelantan,1/1/2023,both,overall,other_citizen,11
Kelantan,1/1/2023,both,overall,other_noncitizen,40.3
Kelantan,1/1/2024,both,overall,overall,1888.5
Kelantan,1/1/2024,both,overall,bumi_malay,1758.7
Kelantan,1/1/2024,both,overall,bumi_other,22.8
Kelantan,1/1/2024,both,overall,chinese,44.2
Kelantan,1/1/2024,both,overall,indian,4.7
Kelantan,1/1/2024,both,overall,other_citizen,11
Kelantan,1/1/2024,both,overall,other_noncitizen,47.1
Melaka,1/1/2013,both,overall,overall,856.7
Melaka,1/1/2013,both,overall,bumi_malay,536.8
Melaka,1/1/2013,both,overall,bumi_other,12.5
Melaka,1/1/2013,both,overall,chinese,213
Melaka,1/1/2013,both,overall,indian,48.6
Melaka,1/1/2013,both,overall,other_citizen,4.4
Melaka,1/1/2013,both,overall,other_noncitizen,41.6
Melaka,1/1/2014,both,overall,overall,871.7
Melaka,1/1/2014,both,overall,bumi_malay,547.5
Melaka,1/1/2014,both,overall,bumi_other,12.8
Melaka,1/1/2014,both,overall,chinese,214.2
Melaka,1/1/2014,both,overall,indian,49.2
Melaka,1/1/2014,both,overall,other_citizen,4.5
Melaka,1/1/2014,both,overall,other_noncitizen,43.5
Melaka,1/1/2015,both,overall,overall,889
Melaka,1/1/2015,both,overall,bumi_malay,558.8
Melaka,1/1/2015,both,overall,bumi_other,13.7
Melaka,1/1/2015,both,overall,chinese,215.9
Melaka,1/1/2015,both,overall,indian,49.9
Melaka,1/1/2015,both,overall,other_citizen,4.6
Melaka,1/1/2015,both,overall,other_noncitizen,45.9
Melaka,1/1/2016,both,overall,overall,901.1
Melaka,1/1/2016,both,overall,bumi_malay,568.9
Melaka,1/1/2016,both,overall,bumi_other,13.5
Melaka,1/1/2016,both,overall,chinese,216.9
Melaka,1/1/2016,both,overall,indian,50.6
Melaka,1/1/2016,both,overall,other_citizen,4.6
Melaka,1/1/2016,both,overall,other_noncitizen,47
Melaka,1/1/2017,both,overall,overall,913.1
Melaka,1/1/2017,both,overall,bumi_malay,578.8
Melaka,1/1/2017,both,overall,bumi_other,14
Melaka,1/1/2017,both,overall,chinese,216.8
Melaka,1/1/2017,both,overall,indian,50.8
Melaka,1/1/2017,both,overall,other_citizen,4.7
Melaka,1/1/2017,both,overall,other_noncitizen,47.7
Melaka,1/1/2018,both,overall,overall,922.4
Melaka,1/1/2018,both,overall,bumi_malay,586.7
Melaka,1/1/2018,both,overall,bumi_other,14.6
Melaka,1/1/2018,both,overall,chinese,217.2
Melaka,1/1/2018,both,overall,indian,51.1
Melaka,1/1/2018,both,overall,other_citizen,5.1
Melaka,1/1/2018,both,overall,other_noncitizen,47.7
Melaka,1/1/2019,both,overall,overall,928.4
Melaka,1/1/2019,both,overall,bumi_malay,594.5
Melaka,1/1/2019,both,overall,bumi_other,14.9
Melaka,1/1/2019,both,overall,chinese,217.4
Melaka,1/1/2019,both,overall,indian,51.4
Melaka,1/1/2019,both,overall,other_citizen,5.6
Melaka,1/1/2019,both,overall,other_noncitizen,44.6
Melaka,1/1/2020,both,overall,overall,998.4
Melaka,1/1/2020,both,overall,bumi_malay,653.9
Melaka,1/1/2020,both,overall,bumi_other,10.8
Melaka,1/1/2020,both,overall,chinese,205.2
Melaka,1/1/2020,both,overall,indian,52.4
Melaka,1/1/2020,both,overall,other_citizen,5.1
Melaka,1/1/2020,both,overall,other_noncitizen,71.1
Melaka,1/1/2021,both,overall,overall,1004.5
Melaka,1/1/2021,both,overall,bumi_malay,663.1
Melaka,1/1/2021,both,overall,bumi_other,9.5
Melaka,1/1/2021,both,overall,chinese,204.9
Melaka,1/1/2021,both,overall,indian,52.4
Melaka,1/1/2021,both,overall,other_citizen,5.2
Melaka,1/1/2021,both,overall,other_noncitizen,69.3
Melaka,1/1/2022,both,overall,overall,1008.6
Melaka,1/1/2022,both,overall,bumi_malay,669.6
Melaka,1/1/2022,both,overall,bumi_other,9.6
Melaka,1/1/2022,both,overall,chinese,204.3
Melaka,1/1/2022,both,overall,indian,52.4
Melaka,1/1/2022,both,overall,other_citizen,5.2
Melaka,1/1/2022,both,overall,other_noncitizen,67.5
Melaka,1/1/2023,both,overall,overall,1028.3
Melaka,1/1/2023,both,overall,bumi_malay,677
Melaka,1/1/2023,both,overall,bumi_other,9.8
Melaka,1/1/2023,both,overall,chinese,203.8
Melaka,1/1/2023,both,overall,indian,52.4
Melaka,1/1/2023,both,overall,other_citizen,5.2
Melaka,1/1/2023,both,overall,other_noncitizen,80
Melaka,1/1/2024,both,overall,overall,1047.1
Melaka,1/1/2024,both,overall,bumi_malay,684.2
Melaka,1/1/2024,both,overall,bumi_other,9.9
Melaka,1/1/2024,both,overall,chinese,203.4
Melaka,1/1/2024,both,overall,indian,52.5
Melaka,1/1/2024,both,overall,other_citizen,5.3
Melaka,1/1/2024,both,overall,other_noncitizen,91.8
Negeri Sembilan,1/1/2013,both,overall,overall,1072.2
Negeri Sembilan,1/1/2013,both,overall,bumi_malay,591.6
Negeri Sembilan,1/1/2013,both,overall,bumi_other,20.3
Negeri Sembilan,1/1/2013,both,overall,chinese,228.2
Negeri Sembilan,1/1/2013,both,overall,indian,151.7
Negeri Sembilan,1/1/2013,both,overall,other_citizen,3.8
Negeri Sembilan,1/1/2013,both,overall,other_noncitizen,76.9
Negeri Sembilan,1/1/2014,both,overall,overall,1079.6
Negeri Sembilan,1/1/2014,both,overall,bumi_malay,595.9
Negeri Sembilan,1/1/2014,both,overall,bumi_other,20.5
Negeri Sembilan,1/1/2014,both,overall,chinese,229.2
Negeri Sembilan,1/1/2014,both,overall,indian,153.5
Negeri Sembilan,1/1/2014,both,overall,other_citizen,3.9
Negeri Sembilan,1/1/2014,both,overall,other_noncitizen,76.7
Negeri Sembilan,1/1/2015,both,overall,overall,1088.8
Negeri Sembilan,1/1/2015,both,overall,bumi_malay,606.1
Negeri Sembilan,1/1/2015,both,overall,bumi_other,20.6
Negeri Sembilan,1/1/2015,both,overall,chinese,229.1
Negeri Sembilan,1/1/2015,both,overall,indian,152.6
Negeri Sembilan,1/1/2015,both,overall,other_citizen,4
Negeri Sembilan,1/1/2015,both,overall,other_noncitizen,76.1
Negeri Sembilan,1/1/2016,both,overall,overall,1099.3
Negeri Sembilan,1/1/2016,both,overall,bumi_malay,611.5
Negeri Sembilan,1/1/2016,both,overall,bumi_other,21.2
Negeri Sembilan,1/1/2016,both,overall,chinese,229.8
Negeri Sembilan,1/1/2016,both,overall,indian,153.7
Negeri Sembilan,1/1/2016,both,overall,other_citizen,4
Negeri Sembilan,1/1/2016,both,overall,other_noncitizen,79.2
Negeri Sembilan,1/1/2017,both,overall,overall,1114
Negeri Sembilan,1/1/2017,both,overall,bumi_malay,623.6
Negeri Sembilan,1/1/2017,both,overall,bumi_other,21.6
Negeri Sembilan,1/1/2017,both,overall,chinese,229.3
Negeri Sembilan,1/1/2017,both,overall,indian,154.3
Negeri Sembilan,1/1/2017,both,overall,other_citizen,3.7
Negeri Sembilan,1/1/2017,both,overall,other_noncitizen,81.6
Negeri Sembilan,1/1/2018,both,overall,overall,1122.9
Negeri Sembilan,1/1/2018,both,overall,bumi_malay,631.7
Negeri Sembilan,1/1/2018,both,overall,bumi_other,21.2
Negeri Sembilan,1/1/2018,both,overall,chinese,229.4
Negeri Sembilan,1/1/2018,both,overall,indian,154.1
Negeri Sembilan,1/1/2018,both,overall,other_citizen,3.8
Negeri Sembilan,1/1/2018,both,overall,other_noncitizen,83
Negeri Sembilan,1/1/2019,both,overall,overall,1126.2
Negeri Sembilan,1/1/2019,both,overall,bumi_malay,639.6
Negeri Sembilan,1/1/2019,both,overall,bumi_other,20.9
Negeri Sembilan,1/1/2019,both,overall,chinese,229.6
Negeri Sembilan,1/1/2019,both,overall,indian,154
Negeri Sembilan,1/1/2019,both,overall,other_citizen,3.9
Negeri Sembilan,1/1/2019,both,overall,other_noncitizen,78.2
Negeri Sembilan,1/1/2020,both,overall,overall,1200
Negeri Sembilan,1/1/2020,both,overall,bumi_malay,693.3
Negeri Sembilan,1/1/2020,both,overall,bumi_other,23.2
Negeri Sembilan,1/1/2020,both,overall,chinese,248.5
Negeri Sembilan,1/1/2020,both,overall,indian,161.6
Negeri Sembilan,1/1/2020,both,overall,other_citizen,5.7
Negeri Sembilan,1/1/2020,both,overall,other_noncitizen,67.7
Negeri Sembilan,1/1/2021,both,overall,overall,1204.2
Negeri Sembilan,1/1/2021,both,overall,bumi_malay,704.4
Negeri Sembilan,1/1/2021,both,overall,bumi_other,22
Negeri Sembilan,1/1/2021,both,overall,chinese,248.3
Negeri Sembilan,1/1/2021,both,overall,indian,162.4
Negeri Sembilan,1/1/2021,both,overall,other_citizen,5.8
Negeri Sembilan,1/1/2021,both,overall,other_noncitizen,61.3
Negeri Sembilan,1/1/2022,both,overall,overall,1207.9
Negeri Sembilan,1/1/2022,both,overall,bumi_malay,711.9
Negeri Sembilan,1/1/2022,both,overall,bumi_other,22.2
Negeri Sembilan,1/1/2022,both,overall,chinese,247.4
Negeri Sembilan,1/1/2022,both,overall,indian,162.4
Negeri Sembilan,1/1/2022,both,overall,other_citizen,5.8
Negeri Sembilan,1/1/2022,both,overall,other_noncitizen,58.1
Negeri Sembilan,1/1/2023,both,overall,overall,1224.9
Negeri Sembilan,1/1/2023,both,overall,bumi_malay,720
Negeri Sembilan,1/1/2023,both,overall,bumi_other,22.5
Negeri Sembilan,1/1/2023,both,overall,chinese,246.7
Negeri Sembilan,1/1/2023,both,overall,indian,162.9
Negeri Sembilan,1/1/2023,both,overall,other_citizen,5.9
Negeri Sembilan,1/1/2023,both,overall,other_noncitizen,66.8
Negeri Sembilan,1/1/2024,both,overall,overall,1240.1
Negeri Sembilan,1/1/2024,both,overall,bumi_malay,727.5
Negeri Sembilan,1/1/2024,both,overall,bumi_other,22.9
Negeri Sembilan,1/1/2024,both,overall,chinese,246
Negeri Sembilan,1/1/2024,both,overall,indian,163.2
Negeri Sembilan,1/1/2024,both,overall,other_citizen,6
Negeri Sembilan,1/1/2024,both,overall,other_noncitizen,74.5
Pahang,1/1/2013,both,overall,overall,1568.7
Pahang,1/1/2013,both,overall,bumi_malay,1094.6
Pahang,1/1/2013,both,overall,bumi_other,76.6
Pahang,1/1/2013,both,overall,chinese,233.4
Pahang,1/1/2013,both,overall,indian,64.3
Pahang,1/1/2013,both,overall,other_citizen,6.2
Pahang,1/1/2013,both,overall,other_noncitizen,93.1
Pahang,1/1/2014,both,overall,overall,1591.7
Pahang,1/1/2014,both,overall,bumi_malay,1111.7
Pahang,1/1/2014,both,overall,bumi_other,77.8
Pahang,1/1/2014,both,overall,chinese,233
Pahang,1/1/2014,both,overall,indian,64.7
Pahang,1/1/2014,both,overall,other_citizen,5.8
Pahang,1/1/2014,both,overall,other_noncitizen,98.5
Pahang,1/1/2015,both,overall,overall,1607.9
Pahang,1/1/2015,both,overall,bumi_malay,1127
Pahang,1/1/2015,both,overall,bumi_other,77
Pahang,1/1/2015,both,overall,chinese,233.1
Pahang,1/1/2015,both,overall,indian,64.5
Pahang,1/1/2015,both,overall,other_citizen,5.4
Pahang,1/1/2015,both,overall,other_noncitizen,101
Pahang,1/1/2016,both,overall,overall,1626.7
Pahang,1/1/2016,both,overall,bumi_malay,1141.6
Pahang,1/1/2016,both,overall,bumi_other,77.9
Pahang,1/1/2016,both,overall,chinese,232.6
Pahang,1/1/2016,both,overall,indian,64.9
Pahang,1/1/2016,both,overall,other_citizen,5.6
Pahang,1/1/2016,both,overall,other_noncitizen,104.4
Pahang,1/1/2017,both,overall,overall,1647
Pahang,1/1/2017,both,overall,bumi_malay,1156.8
Pahang,1/1/2017,both,overall,bumi_other,79.5
Pahang,1/1/2017,both,overall,chinese,232.7
Pahang,1/1/2017,both,overall,indian,65.3
Pahang,1/1/2017,both,overall,other_citizen,5.8
Pahang,1/1/2017,both,overall,other_noncitizen,106.9
Pahang,1/1/2018,both,overall,overall,1664.7
Pahang,1/1/2018,both,overall,bumi_malay,1170.4
Pahang,1/1/2018,both,overall,bumi_other,80.7
Pahang,1/1/2018,both,overall,chinese,232.7
Pahang,1/1/2018,both,overall,indian,66.5
Pahang,1/1/2018,both,overall,other_citizen,6.1
Pahang,1/1/2018,both,overall,other_noncitizen,108.2
Pahang,1/1/2019,both,overall,overall,1671.4
Pahang,1/1/2019,both,overall,bumi_malay,1183.9
Pahang,1/1/2019,both,overall,bumi_other,82.5
Pahang,1/1/2019,both,overall,chinese,232.6
Pahang,1/1/2019,both,overall,indian,67.7
Pahang,1/1/2019,both,overall,other_citizen,6.3
Pahang,1/1/2019,both,overall,other_noncitizen,98.9
Pahang,1/1/2020,both,overall,overall,1591.3
Pahang,1/1/2020,both,overall,bumi_malay,1134.2
Pahang,1/1/2020,both,overall,bumi_other,92.2
Pahang,1/1/2020,both,overall,chinese,221.7
Pahang,1/1/2020,both,overall,indian,55.9
Pahang,1/1/2020,both,overall,other_citizen,9.2
Pahang,1/1/2020,both,overall,other_noncitizen,78.1
Pahang,1/1/2021,both,overall,overall,1601.5
Pahang,1/1/2021,both,overall,bumi_malay,1149.7
Pahang,1/1/2021,both,overall,bumi_other,91.6
Pahang,1/1/2021,both,overall,chinese,221.3
Pahang,1/1/2021,both,overall,indian,55.8
Pahang,1/1/2021,both,overall,other_citizen,9.3
Pahang,1/1/2021,both,overall,other_noncitizen,73.8
Pahang,1/1/2022,both,overall,overall,1614.3
Pahang,1/1/2022,both,overall,bumi_malay,1161.4
Pahang,1/1/2022,both,overall,bumi_other,92.9
Pahang,1/1/2022,both,overall,chinese,220.6
Pahang,1/1/2022,both,overall,indian,55.8
Pahang,1/1/2022,both,overall,other_citizen,9.4
Pahang,1/1/2022,both,overall,other_noncitizen,74.2
Pahang,1/1/2023,both,overall,overall,1643.2
Pahang,1/1/2023,both,overall,bumi_malay,1173.9
Pahang,1/1/2023,both,overall,bumi_other,94.4
Pahang,1/1/2023,both,overall,chinese,220
Pahang,1/1/2023,both,overall,indian,55.8
Pahang,1/1/2023,both,overall,other_citizen,9.5
Pahang,1/1/2023,both,overall,other_noncitizen,89.6
Pahang,1/1/2024,both,overall,overall,1668.2
Pahang,1/1/2024,both,overall,bumi_malay,1185.3
Pahang,1/1/2024,both,overall,bumi_other,95.8
Pahang,1/1/2024,both,overall,chinese,219.3
Pahang,1/1/2024,both,overall,indian,55.9
Pahang,1/1/2024,both,overall,other_citizen,9.6
Pahang,1/1/2024,both,overall,other_noncitizen,102.2
Perak,1/1/2013,both,overall,overall,2447.2
Perak,1/1/2013,both,overall,bumi_malay,1282.6
Perak,1/1/2013,both,overall,bumi_other,70.2
Perak,1/1/2013,both,overall,chinese,705
Perak,1/1/2013,both,overall,indian,287.5
Perak,1/1/2013,both,overall,other_citizen,9.1
Perak,1/1/2013,both,overall,other_noncitizen,93.2
Perak,1/1/2014,both,overall,overall,2458.8
Perak,1/1/2014,both,overall,bumi_malay,1295.9
Perak,1/1/2014,both,overall,bumi_other,73
Perak,1/1/2014,both,overall,chinese,702.9
Perak,1/1/2014,both,overall,indian,285
Perak,1/1/2014,both,overall,other_citizen,9.2
Perak,1/1/2014,both,overall,other_noncitizen,92.8
Perak,1/1/2015,both,overall,overall,2466.9
Perak,1/1/2015,both,overall,bumi_malay,1301.4
Perak,1/1/2015,both,overall,bumi_other,74.6
Perak,1/1/2015,both,overall,chinese,703.1
Perak,1/1/2015,both,overall,indian,283
Perak,1/1/2015,both,overall,other_citizen,9.3
Perak,1/1/2015,both,overall,other_noncitizen,95.4
Perak,1/1/2016,both,overall,overall,2482.1
Perak,1/1/2016,both,overall,bumi_malay,1315.8
Perak,1/1/2016,both,overall,bumi_other,77.9
Perak,1/1/2016,both,overall,chinese,700.1
Perak,1/1/2016,both,overall,indian,280.4
Perak,1/1/2016,both,overall,other_citizen,9.5
Perak,1/1/2016,both,overall,other_noncitizen,98.6
Perak,1/1/2017,both,overall,overall,2493.2
Perak,1/1/2017,both,overall,bumi_malay,1327.9
Perak,1/1/2017,both,overall,bumi_other,79
Perak,1/1/2017,both,overall,chinese,695.9
Perak,1/1/2017,both,overall,indian,279.5
Perak,1/1/2017,both,overall,other_citizen,9.8
Perak,1/1/2017,both,overall,other_noncitizen,100.9
Perak,1/1/2018,both,overall,overall,2503.5
Perak,1/1/2018,both,overall,bumi_malay,1338.5
Perak,1/1/2018,both,overall,bumi_other,81.3
Perak,1/1/2018,both,overall,chinese,694.1
Perak,1/1/2018,both,overall,indian,277.4
Perak,1/1/2018,both,overall,other_citizen,9.9
Perak,1/1/2018,both,overall,other_noncitizen,102.1
Perak,1/1/2019,both,overall,overall,2508.8
Perak,1/1/2019,both,overall,bumi_malay,1350.3
Perak,1/1/2019,both,overall,bumi_other,83
Perak,1/1/2019,both,overall,chinese,692.2
Perak,1/1/2019,both,overall,indian,275.7
Perak,1/1/2019,both,overall,other_citizen,10
Perak,1/1/2019,both,overall,other_noncitizen,97.7
Perak,1/1/2020,both,overall,overall,2496
Perak,1/1/2020,both,overall,bumi_malay,1364.8
Perak,1/1/2020,both,overall,bumi_other,74.9
Perak,1/1/2020,both,overall,chinese,643.6
Perak,1/1/2020,both,overall,indian,270.8
Perak,1/1/2020,both,overall,other_citizen,10.7
Perak,1/1/2020,both,overall,other_noncitizen,131.2
Perak,1/1/2021,both,overall,overall,2515.8
Perak,1/1/2021,both,overall,bumi_malay,1385.7
Perak,1/1/2021,both,overall,bumi_other,73.9
Perak,1/1/2021,both,overall,chinese,642.9
Perak,1/1/2021,both,overall,indian,271.7
Perak,1/1/2021,both,overall,other_citizen,10.8
Perak,1/1/2021,both,overall,other_noncitizen,130.8
Perak,1/1/2022,both,overall,overall,2514.4
Perak,1/1/2022,both,overall,bumi_malay,1396.8
Perak,1/1/2022,both,overall,bumi_other,74.4
Perak,1/1/2022,both,overall,chinese,638.3
Perak,1/1/2022,both,overall,indian,271.2
Perak,1/1/2022,both,overall,other_citizen,10.8
Perak,1/1/2022,both,overall,other_noncitizen,122.9
Perak,1/1/2023,both,overall,overall,2541.2
Perak,1/1/2023,both,overall,bumi_malay,1409.1
Perak,1/1/2023,both,overall,bumi_other,75.2
Perak,1/1/2023,both,overall,chinese,634.5
Perak,1/1/2023,both,overall,indian,270.9
Perak,1/1/2023,both,overall,other_citizen,10.9
Perak,1/1/2023,both,overall,other_noncitizen,140.6
Perak,1/1/2024,both,overall,overall,2569.6
Perak,1/1/2024,both,overall,bumi_malay,1420.7
Perak,1/1/2024,both,overall,bumi_other,76
Perak,1/1/2024,both,overall,chinese,630.7
Perak,1/1/2024,both,overall,indian,270.7
Perak,1/1/2024,both,overall,other_citizen,10.9
Perak,1/1/2024,both,overall,other_noncitizen,160.4
Perlis,1/1/2013,both,overall,overall,242.1
Perlis,1/1/2013,both,overall,bumi_malay,206.9
Perlis,1/1/2013,both,overall,bumi_other,1.1
Perlis,1/1/2013,both,overall,chinese,19.1
Perlis,1/1/2013,both,overall,indian,3.1
Perlis,1/1/2013,both,overall,other_citizen,4.7
Perlis,1/1/2013,both,overall,other_noncitizen,7.3
Perlis,1/1/2014,both,overall,overall,245.1
Perlis,1/1/2014,both,overall,bumi_malay,208.6
Perlis,1/1/2014,both,overall,bumi_other,1.1
Perlis,1/1/2014,both,overall,chinese,19.1
Perlis,1/1/2014,both,overall,indian,3.1
Perlis,1/1/2014,both,overall,other_citizen,4.7
Perlis,1/1/2014,both,overall,other_noncitizen,8.2
Perlis,1/1/2015,both,overall,overall,248.5
Perlis,1/1/2015,both,overall,bumi_malay,212
Perlis,1/1/2015,both,overall,bumi_other,0.9
Perlis,1/1/2015,both,overall,chinese,19.2
Perlis,1/1/2015,both,overall,indian,3.1
Perlis,1/1/2015,both,overall,other_citizen,4.8
Perlis,1/1/2015,both,overall,other_noncitizen,8.5
Perlis,1/1/2016,both,overall,overall,251
Perlis,1/1/2016,both,overall,bumi_malay,214.3
Perlis,1/1/2016,both,overall,bumi_other,0.9
Perlis,1/1/2016,both,overall,chinese,19.2
Perlis,1/1/2016,both,overall,indian,3.1
Perlis,1/1/2016,both,overall,other_citizen,4.9
Perlis,1/1/2016,both,overall,other_noncitizen,8.7
Perlis,1/1/2017,both,overall,overall,252
Perlis,1/1/2017,both,overall,bumi_malay,215.4
Perlis,1/1/2017,both,overall,bumi_other,1
Perlis,1/1/2017,both,overall,chinese,18.9
Perlis,1/1/2017,both,overall,indian,3.1
Perlis,1/1/2017,both,overall,other_citizen,4.8
Perlis,1/1/2017,both,overall,other_noncitizen,8.9
Perlis,1/1/2018,both,overall,overall,253.5
Perlis,1/1/2018,both,overall,bumi_malay,217
Perlis,1/1/2018,both,overall,bumi_other,1.1
Perlis,1/1/2018,both,overall,chinese,18.9
Perlis,1/1/2018,both,overall,indian,3.1
Perlis,1/1/2018,both,overall,other_citizen,4.8
Perlis,1/1/2018,both,overall,other_noncitizen,8.9
Perlis,1/1/2019,both,overall,overall,254
Perlis,1/1/2019,both,overall,bumi_malay,217.7
Perlis,1/1/2019,both,overall,bumi_other,1.1
Perlis,1/1/2019,both,overall,chinese,18.9
Perlis,1/1/2019,both,overall,indian,3.1
Perlis,1/1/2019,both,overall,other_citizen,4.9
Perlis,1/1/2019,both,overall,other_noncitizen,8.1
Perlis,1/1/2020,both,overall,overall,284.9
Perlis,1/1/2020,both,overall,bumi_malay,245.4
Perlis,1/1/2020,both,overall,bumi_other,1.9
Perlis,1/1/2020,both,overall,chinese,20.5
Perlis,1/1/2020,both,overall,indian,5.1
Perlis,1/1/2020,both,overall,other_citizen,5.6
Perlis,1/1/2020,both,overall,other_noncitizen,6.4
Perlis,1/1/2021,both,overall,overall,287.6
Perlis,1/1/2021,both,overall,bumi_malay,247.8
Perlis,1/1/2021,both,overall,bumi_other,1.5
Perlis,1/1/2021,both,overall,chinese,20.4
Perlis,1/1/2021,both,overall,indian,5.1
Perlis,1/1/2021,both,overall,other_citizen,5.7
Perlis,1/1/2021,both,overall,other_noncitizen,7.3
Perlis,1/1/2022,both,overall,overall,289.8
Perlis,1/1/2022,both,overall,bumi_malay,249.4
Perlis,1/1/2022,both,overall,bumi_other,1.5
Perlis,1/1/2022,both,overall,chinese,20.2
Perlis,1/1/2022,both,overall,indian,5.1
Perlis,1/1/2022,both,overall,other_citizen,5.7
Perlis,1/1/2022,both,overall,other_noncitizen,7.9
Perlis,1/1/2023,both,overall,overall,293.1
Perlis,1/1/2023,both,overall,bumi_malay,250.9
Perlis,1/1/2023,both,overall,bumi_other,1.5
Perlis,1/1/2023,both,overall,chinese,20.1
Perlis,1/1/2023,both,overall,indian,5.1
Perlis,1/1/2023,both,overall,other_citizen,5.7
Perlis,1/1/2023,both,overall,other_noncitizen,9.8
Perlis,1/1/2024,both,overall,overall,296.8
Perlis,1/1/2024,both,overall,bumi_malay,252.6
Perlis,1/1/2024,both,overall,bumi_other,1.5
Perlis,1/1/2024,both,overall,chinese,20
Perlis,1/1/2024,both,overall,indian,5.1
Perlis,1/1/2024,both,overall,other_citizen,5.7
Perlis,1/1/2024,both,overall,other_noncitizen,11.9
Pulau Pinang,1/1/2013,both,overall,overall,1662.6
Pulau Pinang,1/1/2013,both,overall,bumi_malay,674.2
Pulau Pinang,1/1/2013,both,overall,bumi_other,5.9
Pulau Pinang,1/1/2013,both,overall,chinese,681.3
Pulau Pinang,1/1/2013,both,overall,indian,161.5
Pulau Pinang,1/1/2013,both,overall,other_citizen,4.9
Pulau Pinang,1/1/2013,both,overall,other_noncitizen,134.5
Pulau Pinang,1/1/2014,both,overall,overall,1678.1
Pulau Pinang,1/1/2014,both,overall,bumi_malay,687.6
Pulau Pinang,1/1/2014,both,overall,bumi_other,5.2
Pulau Pinang,1/1/2014,both,overall,chinese,683.5
Pulau Pinang,1/1/2014,both,overall,indian,161.9
Pulau Pinang,1/1/2014,both,overall,other_citizen,5
Pulau Pinang,1/1/2014,both,overall,other_noncitizen,134.5
Pulau Pinang,1/1/2015,both,overall,overall,1698.1
Pulau Pinang,1/1/2015,both,overall,bumi_malay,697.3
Pulau Pinang,1/1/2015,both,overall,bumi_other,4.5
Pulau Pinang,1/1/2015,both,overall,chinese,685.8
Pulau Pinang,1/1/2015,both,overall,indian,164.3
Pulau Pinang,1/1/2015,both,overall,other_citizen,5.2
Pulau Pinang,1/1/2015,both,overall,other_noncitizen,141.2
Pulau Pinang,1/1/2016,both,overall,overall,1717.7
Pulau Pinang,1/1/2016,both,overall,bumi_malay,707.1
Pulau Pinang,1/1/2016,both,overall,bumi_other,4.6
Pulau Pinang,1/1/2016,both,overall,chinese,688.9
Pulau Pinang,1/1/2016,both,overall,indian,165.7
Pulau Pinang,1/1/2016,both,overall,other_citizen,5
Pulau Pinang,1/1/2016,both,overall,other_noncitizen,146.3
Pulau Pinang,1/1/2017,both,overall,overall,1744.1
Pulau Pinang,1/1/2017,both,overall,bumi_malay,723.3
Pulau Pinang,1/1/2017,both,overall,bumi_other,5
Pulau Pinang,1/1/2017,both,overall,chinese,694.2
Pulau Pinang,1/1/2017,both,overall,indian,166.1
Pulau Pinang,1/1/2017,both,overall,other_citizen,5
Pulau Pinang,1/1/2017,both,overall,other_noncitizen,150.3
Pulau Pinang,1/1/2018,both,overall,overall,1762.8
Pulau Pinang,1/1/2018,both,overall,bumi_malay,739.4
Pulau Pinang,1/1/2018,both,overall,bumi_other,5.3
Pulau Pinang,1/1/2018,both,overall,chinese,694.2
Pulau Pinang,1/1/2018,both,overall,indian,166.5
Pulau Pinang,1/1/2018,both,overall,other_citizen,5
Pulau Pinang,1/1/2018,both,overall,other_noncitizen,152.3
Pulau Pinang,1/1/2019,both,overall,overall,1768.8
Pulau Pinang,1/1/2019,both,overall,bumi_malay,753.9
Pulau Pinang,1/1/2019,both,overall,bumi_other,5.5
Pulau Pinang,1/1/2019,both,overall,chinese,694
Pulau Pinang,1/1/2019,both,overall,indian,166.8
Pulau Pinang,1/1/2019,both,overall,other_citizen,5.1
Pulau Pinang,1/1/2019,both,overall,other_noncitizen,143.4
Pulau Pinang,1/1/2020,both,overall,overall,1740.4
Pulau Pinang,1/1/2020,both,overall,bumi_malay,707.9
Pulau Pinang,1/1/2020,both,overall,bumi_other,8
Pulau Pinang,1/1/2020,both,overall,chinese,718.4
Pulau Pinang,1/1/2020,both,overall,indian,155.5
Pulau Pinang,1/1/2020,both,overall,other_citizen,10.1
Pulau Pinang,1/1/2020,both,overall,other_noncitizen,140.5
Pulau Pinang,1/1/2021,both,overall,overall,1740
Pulau Pinang,1/1/2021,both,overall,bumi_malay,715.3
Pulau Pinang,1/1/2021,both,overall,bumi_other,6.9
Pulau Pinang,1/1/2021,both,overall,chinese,718.2
Pulau Pinang,1/1/2021,both,overall,indian,155.5
Pulau Pinang,1/1/2021,both,overall,other_citizen,10.2
Pulau Pinang,1/1/2021,both,overall,other_noncitizen,133.8
Pulau Pinang,1/1/2022,both,overall,overall,1740.9
Pulau Pinang,1/1/2022,both,overall,bumi_malay,721.4
Pulau Pinang,1/1/2022,both,overall,bumi_other,7
Pulau Pinang,1/1/2022,both,overall,chinese,715.2
Pulau Pinang,1/1/2022,both,overall,indian,155.1
Pulau Pinang,1/1/2022,both,overall,other_citizen,10.2
Pulau Pinang,1/1/2022,both,overall,other_noncitizen,132
Pulau Pinang,1/1/2023,both,overall,overall,1772.6
Pulau Pinang,1/1/2023,both,overall,bumi_malay,728.8
Pulau Pinang,1/1/2023,both,overall,bumi_other,7.1
Pulau Pinang,1/1/2023,both,overall,chinese,713.2
Pulau Pinang,1/1/2023,both,overall,indian,155.1
Pulau Pinang,1/1/2023,both,overall,other_citizen,10.2
Pulau Pinang,1/1/2023,both,overall,other_noncitizen,158.2
Pulau Pinang,1/1/2024,both,overall,overall,1800.4
Pulau Pinang,1/1/2024,both,overall,bumi_malay,735.9
Pulau Pinang,1/1/2024,both,overall,bumi_other,7.2
Pulau Pinang,1/1/2024,both,overall,chinese,711.1
Pulau Pinang,1/1/2024,both,overall,indian,155
Pulau Pinang,1/1/2024,both,overall,other_citizen,10.2
Pulau Pinang,1/1/2024,both,overall,other_noncitizen,181
Sabah,1/1/2013,both,overall,overall,3611.5
Sabah,1/1/2013,both,overall,bumi_malay,252.1
Sabah,1/1/2013,both,overall,bumi_other,1864.4
Sabah,1/1/2013,both,overall,chinese,301.5
Sabah,1/1/2013,both,overall,indian,12.2
Sabah,1/1/2013,both,overall,other_citizen,110.2
Sabah,1/1/2013,both,overall,other_noncitizen,1071.5
Sabah,1/1/2014,both,overall,overall,3669.9
Sabah,1/1/2014,both,overall,bumi_malay,262.5
Sabah,1/1/2014,both,overall,bumi_other,1891.1
Sabah,1/1/2014,both,overall,chinese,303.6
Sabah,1/1/2014,both,overall,indian,12.2
Sabah,1/1/2014,both,overall,other_citizen,114.1
Sabah,1/1/2014,both,overall,other_noncitizen,1086.1
Sabah,1/1/2015,both,overall,overall,3720.5
Sabah,1/1/2015,both,overall,bumi_malay,273.3
Sabah,1/1/2015,both,overall,bumi_other,1921.3
Sabah,1/1/2015,both,overall,chinese,303.5
Sabah,1/1/2015,both,overall,indian,12.2
Sabah,1/1/2015,both,overall,other_citizen,116.4
Sabah,1/1/2015,both,overall,other_noncitizen,1094
Sabah,1/1/2016,both,overall,overall,3802.8
Sabah,1/1/2016,both,overall,bumi_malay,281.5
Sabah,1/1/2016,both,overall,bumi_other,1951.3
Sabah,1/1/2016,both,overall,chinese,307
Sabah,1/1/2016,both,overall,indian,12.3
Sabah,1/1/2016,both,overall,other_citizen,121.4
Sabah,1/1/2016,both,overall,other_noncitizen,1129.2
Sabah,1/1/2017,both,overall,overall,3855.9
Sabah,1/1/2017,both,overall,bumi_malay,288.3
Sabah,1/1/2017,both,overall,bumi_other,1976.7
Sabah,1/1/2017,both,overall,chinese,307
Sabah,1/1/2017,both,overall,indian,13.1
Sabah,1/1/2017,both,overall,other_citizen,123
Sabah,1/1/2017,both,overall,other_noncitizen,1148
Sabah,1/1/2018,both,overall,overall,3898.4
Sabah,1/1/2018,both,overall,bumi_malay,295.3
Sabah,1/1/2018,both,overall,bumi_other,1999.3
Sabah,1/1/2018,both,overall,chinese,306.9
Sabah,1/1/2018,both,overall,indian,13.2
Sabah,1/1/2018,both,overall,other_citizen,125.1
Sabah,1/1/2018,both,overall,other_noncitizen,1158.7
Sabah,1/1/2019,both,overall,overall,3904.4
Sabah,1/1/2019,both,overall,bumi_malay,302.7
Sabah,1/1/2019,both,overall,bumi_other,2026.6
Sabah,1/1/2019,both,overall,chinese,307.2
Sabah,1/1/2019,both,overall,indian,13.3
Sabah,1/1/2019,both,overall,other_citizen,127.2
Sabah,1/1/2019,both,overall,other_noncitizen,1127.1
Sabah,1/1/2020,both,overall,overall,3418.8
Sabah,1/1/2020,both,overall,bumi_malay,236.9
Sabah,1/1/2020,both,overall,bumi_other,2076.5
Sabah,1/1/2020,both,overall,chinese,248.9
Sabah,1/1/2020,both,overall,indian,6
Sabah,1/1/2020,both,overall,other_citizen,40
Sabah,1/1/2020,both,overall,other_noncitizen,810.4
Sabah,1/1/2021,both,overall,overall,3412.6
Sabah,1/1/2021,both,overall,bumi_malay,312.2
Sabah,1/1/2021,both,overall,bumi_other,2025.7
Sabah,1/1/2021,both,overall,chinese,248
Sabah,1/1/2021,both,overall,indian,5.9
Sabah,1/1/2021,both,overall,other_citizen,41.4
Sabah,1/1/2021,both,overall,other_noncitizen,779.5
Sabah,1/1/2022,both,overall,overall,3414.9
Sabah,1/1/2022,both,overall,bumi_malay,316.1
Sabah,1/1/2022,both,overall,bumi_other,2040.4
Sabah,1/1/2022,both,overall,chinese,246.1
Sabah,1/1/2022,both,overall,indian,5.9
Sabah,1/1/2022,both,overall,other_citizen,42.3
Sabah,1/1/2022,both,overall,other_noncitizen,764.2
Sabah,1/1/2023,both,overall,overall,3596.7
Sabah,1/1/2023,both,overall,bumi_malay,321.7
Sabah,1/1/2023,both,overall,bumi_other,2059.7
Sabah,1/1/2023,both,overall,chinese,244.8
Sabah,1/1/2023,both,overall,indian,5.9
Sabah,1/1/2023,both,overall,other_citizen,43.6
Sabah,1/1/2023,both,overall,other_noncitizen,921.1
Sabah,1/1/2024,both,overall,overall,3742.2
Sabah,1/1/2024,both,overall,bumi_malay,326.8
Sabah,1/1/2024,both,overall,bumi_other,2077.8
Sabah,1/1/2024,both,overall,chinese,243.5
Sabah,1/1/2024,both,overall,indian,5.9
Sabah,1/1/2024,both,overall,other_citizen,44.8
Sabah,1/1/2024,both,overall,other_noncitizen,1043.4
Sarawak,1/1/2013,both,overall,overall,2642.5
Sarawak,1/1/2013,both,overall,bumi_malay,598.9
Sarawak,1/1/2013,both,overall,bumi_other,1252.6
Sarawak,1/1/2013,both,overall,chinese,602.4
Sarawak,1/1/2013,both,overall,indian,7.3
Sarawak,1/1/2013,both,overall,other_citizen,7.3
Sarawak,1/1/2013,both,overall,other_noncitizen,173.7
Sarawak,1/1/2014,both,overall,overall,2664
Sarawak,1/1/2014,both,overall,bumi_malay,607.8
Sarawak,1/1/2014,both,overall,bumi_other,1272
Sarawak,1/1/2014,both,overall,chinese,606.7
Sarawak,1/1/2014,both,overall,indian,7.4
Sarawak,1/1/2014,both,overall,other_citizen,7.5
Sarawak,1/1/2014,both,overall,other_noncitizen,162.6
Sarawak,1/1/2015,both,overall,overall,2701.5
Sarawak,1/1/2015,both,overall,bumi_malay,616.6
Sarawak,1/1/2015,both,overall,bumi_other,1288.7
Sarawak,1/1/2015,both,overall,chinese,611.7
Sarawak,1/1/2015,both,overall,indian,7.5
Sarawak,1/1/2015,both,overall,other_citizen,7.7
Sarawak,1/1/2015,both,overall,other_noncitizen,169.4
Sarawak,1/1/2016,both,overall,overall,2738.7
Sarawak,1/1/2016,both,overall,bumi_malay,624.7
Sarawak,1/1/2016,both,overall,bumi_other,1307.5
Sarawak,1/1/2016,both,overall,chinese,615.8
Sarawak,1/1/2016,both,overall,indian,7.5
Sarawak,1/1/2016,both,overall,other_citizen,7.9
Sarawak,1/1/2016,both,overall,other_noncitizen,175.3
Sarawak,1/1/2017,both,overall,overall,2766.3
Sarawak,1/1/2017,both,overall,bumi_malay,633
Sarawak,1/1/2017,both,overall,bumi_other,1320.1
Sarawak,1/1/2017,both,overall,chinese,619.2
Sarawak,1/1/2017,both,overall,indian,7.6
Sarawak,1/1/2017,both,overall,other_citizen,7.9
Sarawak,1/1/2017,both,overall,other_noncitizen,178.8
Sarawak,1/1/2018,both,overall,overall,2791.7
Sarawak,1/1/2018,both,overall,bumi_malay,640.3
Sarawak,1/1/2018,both,overall,bumi_other,1332.8
Sarawak,1/1/2018,both,overall,chinese,622
Sarawak,1/1/2018,both,overall,indian,7.7
Sarawak,1/1/2018,both,overall,other_citizen,8.1
Sarawak,1/1/2018,both,overall,other_noncitizen,180.7
Sarawak,1/1/2019,both,overall,overall,2806
Sarawak,1/1/2019,both,overall,bumi_malay,647.7
Sarawak,1/1/2019,both,overall,bumi_other,1345.7
Sarawak,1/1/2019,both,overall,chinese,625
Sarawak,1/1/2019,both,overall,indian,7.7
Sarawak,1/1/2019,both,overall,other_citizen,8.2
Sarawak,1/1/2019,both,overall,other_noncitizen,171.4
Sarawak,1/1/2020,both,overall,overall,2453.7
Sarawak,1/1/2020,both,overall,bumi_malay,575.4
Sarawak,1/1/2020,both,overall,bumi_other,1187
Sarawak,1/1/2020,both,overall,chinese,554.6
Sarawak,1/1/2020,both,overall,indian,5.1
Sarawak,1/1/2020,both,overall,other_citizen,6.3
Sarawak,1/1/2020,both,overall,other_noncitizen,125.3
Sarawak,1/1/2021,both,overall,overall,2465.6
Sarawak,1/1/2021,both,overall,bumi_malay,585.3
Sarawak,1/1/2021,both,overall,bumi_other,1193.5
Sarawak,1/1/2021,both,overall,chinese,556.2
Sarawak,1/1/2021,both,overall,indian,5
Sarawak,1/1/2021,both,overall,other_citizen,6.4
Sarawak,1/1/2021,both,overall,other_noncitizen,119.1
Sarawak,1/1/2022,both,overall,overall,2473.5
Sarawak,1/1/2022,both,overall,bumi_malay,591
Sarawak,1/1/2022,both,overall,bumi_other,1199.1
Sarawak,1/1/2022,both,overall,chinese,555.8
Sarawak,1/1/2022,both,overall,indian,5
Sarawak,1/1/2022,both,overall,other_citizen,6.5
Sarawak,1/1/2022,both,overall,other_noncitizen,116.2
Sarawak,1/1/2023,both,overall,overall,2502.3
Sarawak,1/1/2023,both,overall,bumi_malay,597.6
Sarawak,1/1/2023,both,overall,bumi_other,1209
Sarawak,1/1/2023,both,overall,chinese,556.6
Sarawak,1/1/2023,both,overall,indian,5
Sarawak,1/1/2023,both,overall,other_citizen,6.5
Sarawak,1/1/2023,both,overall,other_noncitizen,127.6
Sarawak,1/1/2024,both,overall,overall,2518.1
Sarawak,1/1/2024,both,overall,bumi_malay,603.5
Sarawak,1/1/2024,both,overall,bumi_other,1218
Sarawak,1/1/2024,both,overall,chinese,557.3
Sarawak,1/1/2024,both,overall,indian,5.1
Sarawak,1/1/2024,both,overall,other_citizen,6.6
Sarawak,1/1/2024,both,overall,other_noncitizen,127.7
Selangor,1/1/2013,both,overall,overall,5904.7
Selangor,1/1/2013,both,overall,bumi_malay,3014
Selangor,1/1/2013,both,overall,bumi_other,80.5
Selangor,1/1/2013,both,overall,chinese,1496.4
Selangor,1/1/2013,both,overall,indian,702.2
Selangor,1/1/2013,both,overall,other_citizen,39.7
Selangor,1/1/2013,both,overall,other_noncitizen,572.2
Selangor,1/1/2014,both,overall,overall,6051.3
Selangor,1/1/2014,both,overall,bumi_malay,3090.9
Selangor,1/1/2014,both,overall,bumi_other,82.3
Selangor,1/1/2014,both,overall,chinese,1513.8
Selangor,1/1/2014,both,overall,indian,711.2
Selangor,1/1/2014,both,overall,other_citizen,41.6
Selangor,1/1/2014,both,overall,other_noncitizen,611.3
Selangor,1/1/2015,both,overall,overall,6178
Selangor,1/1/2015,both,overall,bumi_malay,3169
Selangor,1/1/2015,both,overall,bumi_other,83.6
Selangor,1/1/2015,both,overall,chinese,1531.7
Selangor,1/1/2015,both,overall,indian,715.5
Selangor,1/1/2015,both,overall,other_citizen,43.4
Selangor,1/1/2015,both,overall,other_noncitizen,634.5
Selangor,1/1/2016,both,overall,overall,6291.5
Selangor,1/1/2016,both,overall,bumi_malay,3240.5
Selangor,1/1/2016,both,overall,bumi_other,85.1
Selangor,1/1/2016,both,overall,chinese,1544
Selangor,1/1/2016,both,overall,indian,719.6
Selangor,1/1/2016,both,overall,other_citizen,45.2
Selangor,1/1/2016,both,overall,other_noncitizen,656.9
Selangor,1/1/2017,both,overall,overall,6380.7
Selangor,1/1/2017,both,overall,bumi_malay,3301.5
Selangor,1/1/2017,both,overall,bumi_other,86.4
Selangor,1/1/2017,both,overall,chinese,1553.4
Selangor,1/1/2017,both,overall,indian,724
Selangor,1/1/2017,both,overall,other_citizen,47.4
Selangor,1/1/2017,both,overall,other_noncitizen,668.4
Selangor,1/1/2018,both,overall,overall,6475
Selangor,1/1/2018,both,overall,bumi_malay,3369.9
Selangor,1/1/2018,both,overall,bumi_other,90.4
Selangor,1/1/2018,both,overall,chinese,1560.3
Selangor,1/1/2018,both,overall,indian,727.8
Selangor,1/1/2018,both,overall,other_citizen,49.1
Selangor,1/1/2018,both,overall,other_noncitizen,677.5
Selangor,1/1/2019,both,overall,overall,6506.1
Selangor,1/1/2019,both,overall,bumi_malay,3436.3
Selangor,1/1/2019,both,overall,bumi_other,94.8
Selangor,1/1/2019,both,overall,chinese,1567.1
Selangor,1/1/2019,both,overall,indian,731
Selangor,1/1/2019,both,overall,other_citizen,50.6
Selangor,1/1/2019,both,overall,other_noncitizen,626.7
Selangor,1/1/2020,both,overall,overall,6994.4
Selangor,1/1/2020,both,overall,bumi_malay,3806.2
Selangor,1/1/2020,both,overall,bumi_other,89.7
Selangor,1/1/2020,both,overall,chinese,1756.2
Selangor,1/1/2020,both,overall,indian,726
Selangor,1/1/2020,both,overall,other_citizen,52.4
Selangor,1/1/2020,both,overall,other_noncitizen,564
Selangor,1/1/2021,both,overall,overall,7014.7
Selangor,1/1/2021,both,overall,bumi_malay,3865.7
Selangor,1/1/2021,both,overall,bumi_other,81
Selangor,1/1/2021,both,overall,chinese,1759
Selangor,1/1/2021,both,overall,indian,728.2
Selangor,1/1/2021,both,overall,other_citizen,53.9
Selangor,1/1/2021,both,overall,other_noncitizen,526.9
Selangor,1/1/2022,both,overall,overall,7050.3
Selangor,1/1/2022,both,overall,bumi_malay,3907.9
Selangor,1/1/2022,both,overall,bumi_other,82.2
Selangor,1/1/2022,both,overall,chinese,1757.8
Selangor,1/1/2022,both,overall,indian,727.6
Selangor,1/1/2022,both,overall,other_citizen,54.9
Selangor,1/1/2022,both,overall,other_noncitizen,519.9
Selangor,1/1/2023,both,overall,overall,7209.7
Selangor,1/1/2023,both,overall,bumi_malay,3956.8
Selangor,1/1/2023,both,overall,bumi_other,83.7
Selangor,1/1/2023,both,overall,chinese,1758.7
Selangor,1/1/2023,both,overall,indian,729.1
Selangor,1/1/2023,both,overall,other_citizen,56.4
Selangor,1/1/2023,both,overall,other_noncitizen,624.9
Selangor,1/1/2024,both,overall,overall,7363.4
Selangor,1/1/2024,both,overall,bumi_malay,4002.3
Selangor,1/1/2024,both,overall,bumi_other,85.3
Selangor,1/1/2024,both,overall,chinese,1759.1
Selangor,1/1/2024,both,overall,indian,730.6
Selangor,1/1/2024,both,overall,other_citizen,57.6
Selangor,1/1/2024,both,overall,other_noncitizen,728.6
Terengganu,1/1/2013,both,overall,overall,1113.4
Terengganu,1/1/2013,both,overall,bumi_malay,1053.3
Terengganu,1/1/2013,both,overall,bumi_other,3.3
Terengganu,1/1/2013,both,overall,chinese,27.2
Terengganu,1/1/2013,both,overall,indian,2.7
Terengganu,1/1/2013,both,overall,other_citizen,2.3
Terengganu,1/1/2013,both,overall,other_noncitizen,24.8
Terengganu,1/1/2014,both,overall,overall,1140.4
Terengganu,1/1/2014,both,overall,bumi_malay,1073.1
Terengganu,1/1/2014,both,overall,bumi_other,3.5
Terengganu,1/1/2014,both,overall,chinese,27.8
Terengganu,1/1/2014,both,overall,indian,2.7
Terengganu,1/1/2014,both,overall,other_citizen,2.3
Terengganu,1/1/2014,both,overall,other_noncitizen,31.1
Terengganu,1/1/2015,both,overall,overall,1161
Terengganu,1/1/2015,both,overall,bumi_malay,1092.5
Terengganu,1/1/2015,both,overall,bumi_other,3.8
Terengganu,1/1/2015,both,overall,chinese,27.7
Terengganu,1/1/2015,both,overall,indian,2.7
Terengganu,1/1/2015,both,overall,other_citizen,2.4
Terengganu,1/1/2015,both,overall,other_noncitizen,32.3
Terengganu,1/1/2016,both,overall,overall,1183.4
Terengganu,1/1/2016,both,overall,bumi_malay,1113.1
Terengganu,1/1/2016,both,overall,bumi_other,3.8
Terengganu,1/1/2016,both,overall,chinese,28.3
Terengganu,1/1/2016,both,overall,indian,2.4
Terengganu,1/1/2016,both,overall,other_citizen,2.4
Terengganu,1/1/2016,both,overall,other_noncitizen,33.6
Terengganu,1/1/2017,both,overall,overall,1208
Terengganu,1/1/2017,both,overall,bumi_malay,1135.6
Terengganu,1/1/2017,both,overall,bumi_other,3.8
Terengganu,1/1/2017,both,overall,chinese,28.4
Terengganu,1/1/2017,both,overall,indian,2.5
Terengganu,1/1/2017,both,overall,other_citizen,3.2
Terengganu,1/1/2017,both,overall,other_noncitizen,34.7
Terengganu,1/1/2018,both,overall,overall,1228.3
Terengganu,1/1/2018,both,overall,bumi_malay,1154.6
Terengganu,1/1/2018,both,overall,bumi_other,3.8
Terengganu,1/1/2018,both,overall,chinese,28.5
Terengganu,1/1/2018,both,overall,indian,2.5
Terengganu,1/1/2018,both,overall,other_citizen,3.3
Terengganu,1/1/2018,both,overall,other_noncitizen,35.4
Terengganu,1/1/2019,both,overall,overall,1244.5
Terengganu,1/1/2019,both,overall,bumi_malay,1174.3
Terengganu,1/1/2019,both,overall,bumi_other,4
Terengganu,1/1/2019,both,overall,chinese,28.5
Terengganu,1/1/2019,both,overall,indian,2.5
Terengganu,1/1/2019,both,overall,other_citizen,3.3
Terengganu,1/1/2019,both,overall,other_noncitizen,32.2
Terengganu,1/1/2020,both,overall,overall,1149.4
Terengganu,1/1/2020,both,overall,bumi_malay,1090.4
Terengganu,1/1/2020,both,overall,bumi_other,5.2
Terengganu,1/1/2020,both,overall,chinese,23.2
Terengganu,1/1/2020,both,overall,indian,2.1
Terengganu,1/1/2020,both,overall,other_citizen,2.2
Terengganu,1/1/2020,both,overall,other_noncitizen,26.4
Terengganu,1/1/2021,both,overall,overall,1170.7
Terengganu,1/1/2021,both,overall,bumi_malay,1111.2
Terengganu,1/1/2021,both,overall,bumi_other,3.3
Terengganu,1/1/2021,both,overall,chinese,23
Terengganu,1/1/2021,both,overall,indian,2.1
Terengganu,1/1/2021,both,overall,other_citizen,2.2
Terengganu,1/1/2021,both,overall,other_noncitizen,28.8
Terengganu,1/1/2022,both,overall,overall,1186.6
Terengganu,1/1/2022,both,overall,bumi_malay,1127.4
Terengganu,1/1/2022,both,overall,bumi_other,3.3
Terengganu,1/1/2022,both,overall,chinese,22.9
Terengganu,1/1/2022,both,overall,indian,2.1
Terengganu,1/1/2022,both,overall,other_citizen,2.3
Terengganu,1/1/2022,both,overall,other_noncitizen,28.6
Terengganu,1/1/2023,both,overall,overall,1210
Terengganu,1/1/2023,both,overall,bumi_malay,1145.1
Terengganu,1/1/2023,both,overall,bumi_other,3.3
Terengganu,1/1/2023,both,overall,chinese,22.8
Terengganu,1/1/2023,both,overall,indian,2.1
Terengganu,1/1/2023,both,overall,other_citizen,2.3
Terengganu,1/1/2023,both,overall,other_noncitizen,34.4
Terengganu,1/1/2024,both,overall,overall,1232.1
Terengganu,1/1/2024,both,overall,bumi_malay,1162.3
Terengganu,1/1/2024,both,overall,bumi_other,3.4
Terengganu,1/1/2024,both,overall,chinese,22.7
Terengganu,1/1/2024,both,overall,indian,2.1
Terengganu,1/1/2024,both,overall,other_citizen,2.3
Terengganu,1/1/2024,both,overall,other_noncitizen,39.3
W.P. Kuala Lumpur,1/1/2013,both,overall,overall,1723.4
W.P. Kuala Lumpur,1/1/2013,both,overall,bumi_malay,691.1
W.P. Kuala Lumpur,1/1/2013,both,overall,bumi_other,19.6
W.P. Kuala Lumpur,1/1/2013,both,overall,chinese,661
W.P. Kuala Lumpur,1/1/2013,both,overall,indian,155.1
W.P. Kuala Lumpur,1/1/2013,both,overall,other_citizen,16.1
W.P. Kuala Lumpur,1/1/2013,both,overall,other_noncitizen,180.2
W.P. Kuala Lumpur,1/1/2014,both,overall,overall,1737.4
W.P. Kuala Lumpur,1/1/2014,both,overall,bumi_malay,692.9
W.P. Kuala Lumpur,1/1/2014,both,overall,bumi_other,20.8
W.P. Kuala Lumpur,1/1/2014,both,overall,chinese,658.4
W.P. Kuala Lumpur,1/1/2014,both,overall,indian,153.8
W.P. Kuala Lumpur,1/1/2014,both,overall,other_citizen,16.9
W.P. Kuala Lumpur,1/1/2014,both,overall,other_noncitizen,194.8
W.P. Kuala Lumpur,1/1/2015,both,overall,overall,1780.4
W.P. Kuala Lumpur,1/1/2015,both,overall,bumi_malay,695.6
W.P. Kuala Lumpur,1/1/2015,both,overall,bumi_other,22
W.P. Kuala Lumpur,1/1/2015,both,overall,chinese,657
W.P. Kuala Lumpur,1/1/2015,both,overall,indian,153.5
W.P. Kuala Lumpur,1/1/2015,both,overall,other_citizen,17.4
W.P. Kuala Lumpur,1/1/2015,both,overall,other_noncitizen,234.7
W.P. Kuala Lumpur,1/1/2016,both,overall,overall,1789.7
W.P. Kuala Lumpur,1/1/2016,both,overall,bumi_malay,700.8
W.P. Kuala Lumpur,1/1/2016,both,overall,bumi_other,21.6
W.P. Kuala Lumpur,1/1/2016,both,overall,chinese,654.9
W.P. Kuala Lumpur,1/1/2016,both,overall,indian,151.7
W.P. Kuala Lumpur,1/1/2016,both,overall,other_citizen,17.9
W.P. Kuala Lumpur,1/1/2016,both,overall,other_noncitizen,242.7
W.P. Kuala Lumpur,1/1/2017,both,overall,overall,1793.2
W.P. Kuala Lumpur,1/1/2017,both,overall,bumi_malay,702.2
W.P. Kuala Lumpur,1/1/2017,both,overall,bumi_other,21.8
W.P. Kuala Lumpur,1/1/2017,both,overall,chinese,654.5
W.P. Kuala Lumpur,1/1/2017,both,overall,indian,151.3
W.P. Kuala Lumpur,1/1/2017,both,overall,other_citizen,18.4
W.P. Kuala Lumpur,1/1/2017,both,overall,other_noncitizen,245.1
W.P. Kuala Lumpur,1/1/2018,both,overall,overall,1790
W.P. Kuala Lumpur,1/1/2018,both,overall,bumi_malay,698.8
W.P. Kuala Lumpur,1/1/2018,both,overall,bumi_other,21.1
W.P. Kuala Lumpur,1/1/2018,both,overall,chinese,654.2
W.P. Kuala Lumpur,1/1/2018,both,overall,indian,151.4
W.P. Kuala Lumpur,1/1/2018,both,overall,other_citizen,18.9
W.P. Kuala Lumpur,1/1/2018,both,overall,other_noncitizen,246
W.P. Kuala Lumpur,1/1/2019,both,overall,overall,1782.5
W.P. Kuala Lumpur,1/1/2019,both,overall,bumi_malay,698.5
W.P. Kuala Lumpur,1/1/2019,both,overall,bumi_other,20.2
W.P. Kuala Lumpur,1/1/2019,both,overall,chinese,654.9
W.P. Kuala Lumpur,1/1/2019,both,overall,indian,151.8
W.P. Kuala Lumpur,1/1/2019,both,overall,other_citizen,19.5
W.P. Kuala Lumpur,1/1/2019,both,overall,other_noncitizen,237.6
W.P. Kuala Lumpur,1/1/2020,both,overall,overall,1982.1
W.P. Kuala Lumpur,1/1/2020,both,overall,bumi_malay,824.6
W.P. Kuala Lumpur,1/1/2020,both,overall,bumi_other,21.7
W.P. Kuala Lumpur,1/1/2020,both,overall,chinese,737.2
W.P. Kuala Lumpur,1/1/2020,both,overall,indian,178.1
W.P. Kuala Lumpur,1/1/2020,both,overall,other_citizen,12.1
W.P. Kuala Lumpur,1/1/2020,both,overall,other_noncitizen,208.4
W.P. Kuala Lumpur,1/1/2021,both,overall,overall,1964
W.P. Kuala Lumpur,1/1/2021,both,overall,bumi_malay,829.7
W.P. Kuala Lumpur,1/1/2021,both,overall,bumi_other,19.6
W.P. Kuala Lumpur,1/1/2021,both,overall,chinese,732.4
W.P. Kuala Lumpur,1/1/2021,both,overall,indian,177.5
W.P. Kuala Lumpur,1/1/2021,both,overall,other_citizen,12.4
W.P. Kuala Lumpur,1/1/2021,both,overall,other_noncitizen,192.4
W.P. Kuala Lumpur,1/1/2022,both,overall,overall,1961.2
W.P. Kuala Lumpur,1/1/2022,both,overall,bumi_malay,837.2
W.P. Kuala Lumpur,1/1/2022,both,overall,bumi_other,19.9
W.P. Kuala Lumpur,1/1/2022,both,overall,chinese,730.7
W.P. Kuala Lumpur,1/1/2022,both,overall,indian,177
W.P. Kuala Lumpur,1/1/2022,both,overall,other_citizen,12.7
W.P. Kuala Lumpur,1/1/2022,both,overall,other_noncitizen,183.6
W.P. Kuala Lumpur,1/1/2023,both,overall,overall,2005.7
W.P. Kuala Lumpur,1/1/2023,both,overall,bumi_malay,846.4
W.P. Kuala Lumpur,1/1/2023,both,overall,bumi_other,20.3
W.P. Kuala Lumpur,1/1/2023,both,overall,chinese,730.5
W.P. Kuala Lumpur,1/1/2023,both,overall,indian,177
W.P. Kuala Lumpur,1/1/2023,both,overall,other_citizen,13.1
W.P. Kuala Lumpur,1/1/2023,both,overall,other_noncitizen,218.6
W.P. Kuala Lumpur,1/1/2024,both,overall,overall,2067.5
W.P. Kuala Lumpur,1/1/2024,both,overall,bumi_malay,855.2
W.P. Kuala Lumpur,1/1/2024,both,overall,bumi_other,20.7
W.P. Kuala Lumpur,1/1/2024,both,overall,chinese,729.9
W.P. Kuala Lumpur,1/1/2024,both,overall,indian,176.9
W.P. Kuala Lumpur,1/1/2024,both,overall,other_citizen,13.5
W.P. Kuala Lumpur,1/1/2024,both,overall,other_noncitizen,271.3
W.P. Labuan,1/1/2013,both,overall,overall,91.4
W.P. Labuan,1/1/2013,both,overall,bumi_malay,32.5
W.P. Labuan,1/1/2013,both,overall,bumi_other,38.8
W.P. Labuan,1/1/2013,both,overall,chinese,9.5
W.P. Labuan,1/1/2013,both,overall,indian,0.7
W.P. Labuan,1/1/2013,both,overall,other_citizen,1.9
W.P. Labuan,1/1/2013,both,overall,other_noncitizen,8.1
W.P. Labuan,1/1/2014,both,overall,overall,93.8
W.P. Labuan,1/1/2014,both,overall,bumi_malay,32.9
W.P. Labuan,1/1/2014,both,overall,bumi_other,38.6
W.P. Labuan,1/1/2014,both,overall,chinese,9.5
W.P. Labuan,1/1/2014,both,overall,indian,0.7
W.P. Labuan,1/1/2014,both,overall,other_citizen,2.1
W.P. Labuan,1/1/2014,both,overall,other_noncitizen,9.9
W.P. Labuan,1/1/2015,both,overall,overall,95.1
W.P. Labuan,1/1/2015,both,overall,bumi_malay,33.1
W.P. Labuan,1/1/2015,both,overall,bumi_other,39.1
W.P. Labuan,1/1/2015,both,overall,chinese,9.5
W.P. Labuan,1/1/2015,both,overall,indian,0.7
W.P. Labuan,1/1/2015,both,overall,other_citizen,2.3
W.P. Labuan,1/1/2015,both,overall,other_noncitizen,10.4
W.P. Labuan,1/1/2016,both,overall,overall,96.8
W.P. Labuan,1/1/2016,both,overall,bumi_malay,33.2
W.P. Labuan,1/1/2016,both,overall,bumi_other,39.7
W.P. Labuan,1/1/2016,both,overall,chinese,9.5
W.P. Labuan,1/1/2016,both,overall,indian,0.7
W.P. Labuan,1/1/2016,both,overall,other_citizen,2.5
W.P. Labuan,1/1/2016,both,overall,other_noncitizen,10.7
W.P. Labuan,1/1/2017,both,overall,overall,97.6
W.P. Labuan,1/1/2017,both,overall,bumi_malay,32.9
W.P. Labuan,1/1/2017,both,overall,bumi_other,40.8
W.P. Labuan,1/1/2017,both,overall,chinese,9.5
W.P. Labuan,1/1/2017,both,overall,indian,0.8
W.P. Labuan,1/1/2017,both,overall,other_citizen,2.7
W.P. Labuan,1/1/2017,both,overall,other_noncitizen,11
W.P. Labuan,1/1/2018,both,overall,overall,99
W.P. Labuan,1/1/2018,both,overall,bumi_malay,33.6
W.P. Labuan,1/1/2018,both,overall,bumi_other,41.2
W.P. Labuan,1/1/2018,both,overall,chinese,9.6
W.P. Labuan,1/1/2018,both,overall,indian,0.8
W.P. Labuan,1/1/2018,both,overall,other_citizen,2.8
W.P. Labuan,1/1/2018,both,overall,other_noncitizen,11.1
W.P. Labuan,1/1/2019,both,overall,overall,99.3
W.P. Labuan,1/1/2019,both,overall,bumi_malay,34.3
W.P. Labuan,1/1/2019,both,overall,bumi_other,41.3
W.P. Labuan,1/1/2019,both,overall,chinese,9.6
W.P. Labuan,1/1/2019,both,overall,indian,0.8
W.P. Labuan,1/1/2019,both,overall,other_citizen,2.9
W.P. Labuan,1/1/2019,both,overall,other_noncitizen,10
W.P. Labuan,1/1/2020,both,overall,overall,95.1
W.P. Labuan,1/1/2020,both,overall,bumi_malay,23.6
W.P. Labuan,1/1/2020,both,overall,bumi_other,49
W.P. Labuan,1/1/2020,both,overall,chinese,9.8
W.P. Labuan,1/1/2020,both,overall,indian,0.9
W.P. Labuan,1/1/2020,both,overall,other_citizen,0.9
W.P. Labuan,1/1/2020,both,overall,other_noncitizen,10.8
W.P. Labuan,1/1/2021,both,overall,overall,96
W.P. Labuan,1/1/2021,both,overall,bumi_malay,34.6
W.P. Labuan,1/1/2021,both,overall,bumi_other,39.4
W.P. Labuan,1/1/2021,both,overall,chinese,9.8
W.P. Labuan,1/1/2021,both,overall,indian,0.9
W.P. Labuan,1/1/2021,both,overall,other_citizen,1
W.P. Labuan,1/1/2021,both,overall,other_noncitizen,10.4
W.P. Labuan,1/1/2022,both,overall,overall,96.9
W.P. Labuan,1/1/2022,both,overall,bumi_malay,34.9
W.P. Labuan,1/1/2022,both,overall,bumi_other,39.9
W.P. Labuan,1/1/2022,both,overall,chinese,9.7
W.P. Labuan,1/1/2022,both,overall,indian,0.9
W.P. Labuan,1/1/2022,both,overall,other_citizen,1.1
W.P. Labuan,1/1/2022,both,overall,other_noncitizen,10.3
W.P. Labuan,1/1/2023,both,overall,overall,99
W.P. Labuan,1/1/2023,both,overall,bumi_malay,24.8
W.P. Labuan,1/1/2023,both,overall,bumi_other,51
W.P. Labuan,1/1/2023,both,overall,chinese,9.7
W.P. Labuan,1/1/2023,both,overall,indian,0.9
W.P. Labuan,1/1/2023,both,overall,other_citizen,1.2
W.P. Labuan,1/1/2023,both,overall,other_noncitizen,11.4
W.P. Labuan,1/1/2024,both,overall,overall,100.8
W.P. Labuan,1/1/2024,both,overall,bumi_malay,25.2
W.P. Labuan,1/1/2024,both,overall,bumi_other,51.5
W.P. Labuan,1/1/2024,both,overall,chinese,9.7
W.P. Labuan,1/1/2024,both,overall,indian,0.9
W.P. Labuan,1/1/2024,both,overall,other_citizen,1.4
W.P. Labuan,1/1/2024,both,overall,other_noncitizen,12.2
W.P. Putrajaya,1/1/2013,both,overall,overall,79.7
W.P. Putrajaya,1/1/2013,both,overall,bumi_malay,74.6
W.P. Putrajaya,1/1/2013,both,overall,bumi_other,0.6
W.P. Putrajaya,1/1/2013,both,overall,chinese,0.5
W.P. Putrajaya,1/1/2013,both,overall,indian,1
W.P. Putrajaya,1/1/2013,both,overall,other_citizen,0.1
W.P. Putrajaya,1/1/2013,both,overall,other_noncitizen,2.6
W.P. Putrajaya,1/1/2014,both,overall,overall,80.9
W.P. Putrajaya,1/1/2014,both,overall,bumi_malay,75.5
W.P. Putrajaya,1/1/2014,both,overall,bumi_other,0.7
W.P. Putrajaya,1/1/2014,both,overall,chinese,0.5
W.P. Putrajaya,1/1/2014,both,overall,indian,1.1
W.P. Putrajaya,1/1/2014,both,overall,other_citizen,0.1
W.P. Putrajaya,1/1/2014,both,overall,other_noncitizen,2.8
W.P. Putrajaya,1/1/2015,both,overall,overall,83
W.P. Putrajaya,1/1/2015,both,overall,bumi_malay,77.4
W.P. Putrajaya,1/1/2015,both,overall,bumi_other,0.8
W.P. Putrajaya,1/1/2015,both,overall,chinese,0.5
W.P. Putrajaya,1/1/2015,both,overall,indian,1.1
W.P. Putrajaya,1/1/2015,both,overall,other_citizen,0.1
W.P. Putrajaya,1/1/2015,both,overall,other_noncitizen,3.1
W.P. Putrajaya,1/1/2016,both,overall,overall,84.4
W.P. Putrajaya,1/1/2016,both,overall,bumi_malay,78.4
W.P. Putrajaya,1/1/2016,both,overall,bumi_other,0.9
W.P. Putrajaya,1/1/2016,both,overall,chinese,0.5
W.P. Putrajaya,1/1/2016,both,overall,indian,1.1
W.P. Putrajaya,1/1/2016,both,overall,other_citizen,0.1
W.P. Putrajaya,1/1/2016,both,overall,other_noncitizen,3.2
W.P. Putrajaya,1/1/2017,both,overall,overall,87.5
W.P. Putrajaya,1/1/2017,both,overall,bumi_malay,81.3
W.P. Putrajaya,1/1/2017,both,overall,bumi_other,0.8
W.P. Putrajaya,1/1/2017,both,overall,chinese,0.5
W.P. Putrajaya,1/1/2017,both,overall,indian,1.2
W.P. Putrajaya,1/1/2017,both,overall,other_citizen,0.1
W.P. Putrajaya,1/1/2017,both,overall,other_noncitizen,3.3
W.P. Putrajaya,1/1/2018,both,overall,overall,97.2
W.P. Putrajaya,1/1/2018,both,overall,bumi_malay,89.3
W.P. Putrajaya,1/1/2018,both,overall,bumi_other,1.5
W.P. Putrajaya,1/1/2018,both,overall,chinese,1.5
W.P. Putrajaya,1/1/2018,both,overall,indian,1.5
W.P. Putrajaya,1/1/2018,both,overall,other_citizen,0.1
W.P. Putrajaya,1/1/2018,both,overall,other_noncitizen,3.3
W.P. Putrajaya,1/1/2019,both,overall,overall,103.7
W.P. Putrajaya,1/1/2019,both,overall,bumi_malay,94.9
W.P. Putrajaya,1/1/2019,both,overall,bumi_other,1.8
W.P. Putrajaya,1/1/2019,both,overall,chinese,2.1
W.P. Putrajaya,1/1/2019,both,overall,indian,1.7
W.P. Putrajaya,1/1/2019,both,overall,other_citizen,0.2
W.P. Putrajaya,1/1/2019,both,overall,other_noncitizen,3.1
W.P. Putrajaya,1/1/2020,both,overall,overall,109.2
W.P. Putrajaya,1/1/2020,both,overall,bumi_malay,101.8
W.P. Putrajaya,1/1/2020,both,overall,bumi_other,2.3
W.P. Putrajaya,1/1/2020,both,overall,chinese,0.7
W.P. Putrajaya,1/1/2020,both,overall,indian,1.3
W.P. Putrajaya,1/1/2020,both,overall,other_citizen,0.3
W.P. Putrajaya,1/1/2020,both,overall,other_noncitizen,2.8
W.P. Putrajaya,1/1/2021,both,overall,overall,115.2
W.P. Putrajaya,1/1/2021,both,overall,bumi_malay,107.1
W.P. Putrajaya,1/1/2021,both,overall,bumi_other,2.2
W.P. Putrajaya,1/1/2021,both,overall,chinese,0.6
W.P. Putrajaya,1/1/2021,both,overall,indian,1.3
W.P. Putrajaya,1/1/2021,both,overall,other_citizen,0.3
W.P. Putrajaya,1/1/2021,both,overall,other_noncitizen,3.7
W.P. Putrajaya,1/1/2022,both,overall,overall,117
W.P. Putrajaya,1/1/2022,both,overall,bumi_malay,108.7
W.P. Putrajaya,1/1/2022,both,overall,bumi_other,2.3
W.P. Putrajaya,1/1/2022,both,overall,chinese,0.6
W.P. Putrajaya,1/1/2022,both,overall,indian,1.4
W.P. Putrajaya,1/1/2022,both,overall,other_citizen,0.3
W.P. Putrajaya,1/1/2022,both,overall,other_noncitizen,3.7
W.P. Putrajaya,1/1/2023,both,overall,overall,118.8
W.P. Putrajaya,1/1/2023,both,overall,bumi_malay,110.2
W.P. Putrajaya,1/1/2023,both,overall,bumi_other,2.3
W.P. Putrajaya,1/1/2023,both,overall,chinese,0.6
W.P. Putrajaya,1/1/2023,both,overall,indian,1.4
W.P. Putrajaya,1/1/2023,both,overall,other_citizen,0.3
W.P. Putrajaya,1/1/2023,both,overall,other_noncitizen,4
W.P. Putrajaya,1/1/2024,both,overall,overall,120.3
W.P. Putrajaya,1/1/2024,both,overall,bumi_malay,111.5
W.P. Putrajaya,1/1/2024,both,overall,bumi_other,2.3
W.P. Putrajaya,1/1/2024,both,overall,chinese,0.6
W.P. Putrajaya,1/1/2024,both,overall,indian,1.4
W.P. Putrajaya,1/1/2024,both,overall,other_citizen,0.3
W.P. Putrajaya,1/1/2024,both,overall,other_noncitizen,4.1
